Country Name,Country Code,Indicator Name,Indicator Code,1960,1961,1962,1963,1964,1965,1966,1967,1968,1969,1970,1971,1972,1973,1974,1975,1976,1977,1978,1979,1980,1981,1982,1983,1984,1985,1986,1987,1988,1989,1990,1991,1992,1993,1994,1995,1996,1997,1998,1999,2000,2001,2002,2003,2004,2005,2006,2007,2008,2009,2010,2011,2012,2013,2014,2015,2016,2017,2018,2019,2020,2021,2022,2023,2024,2025
Aruba,ABW,Prevalence of anemia among pregnant women (%),SH.PRG.ANEM,,,,,,,,,,,,,,,,,,,,,,,,,,,,,,,,,,,,,,,,,,,,,,,,,,,,,,,,,,,,,,,,,,
Africa Eastern and Southern,AFE,Prevalence of anemia among pregnant women (%),SH.PRG.ANEM,,,,,,,,,,,,,,,,,,,,,,,,,,,,,,,,,,,,,,,,,42.92881168,42.48017731,42.05152844,41.60070676,41.11301597,40.57519868,40.05957579,39.53787019,39.03034694,38.64655073,38.27052098,38.02457891,37.93842574,37.94729485,37.93757246,37.98665824,38.08403553,38.15045599,38.1817968,38.18810895,38.26441649,38.41254719,38.74284333,39.13248991,,
Afghanistan,AFG,Prevalence of anemia among pregnant women (%),SH.PRG.ANEM,,,,,,,,,,,,,,,,,,,,,,,,,,,,,,,,,,,,,,,,,38.6,38.2,37.8,37.4,37,36.6,36.2,35.7,35.3,34.9,34.4,34,33.7,33.4,33.2,32.9,32.7,32.5,32.2,32,31.7,31.5,31.5,31.6,,
Africa Western and Central,AFW,Prevalence of anemia among pregnant women (%),SH.PRG.ANEM,,,,,,,,,,,,,,,,,,,,,,,,,,,,,,,,,,,,,,,,,56.77306127,56.4397872,56.10408212,55.70980668,55.3263521,54.84589182,54.38111901,53.89505191,53.36555865,52.9045268,52.40673935,51.95212375,51.53556535,51.1466787,50.81505393,50.52665677,50.25573881,49.9525603,49.72410837,49.46220994,49.23699771,49.00159703,48.95307697,48.97638745,,
Angola,AGO,Prevalence of anemia among pregnant women (%),SH.PRG.ANEM,,,,,,,,,,,,,,,,,,,,,,,,,,,,,,,,,,,,,,,,,52.3,51.8,51.3,50.7,50.1,49.5,48.8,48.2,47.4,46.8,46.1,45.7,45.4,45.3,45.2,45.2,45.3,45.5,45.6,45.5,45.5,45.5,45.7,45.9,,
Albania,ALB,Prevalence of anemia among pregnant women (%),SH.PRG.ANEM,,,,,,,,,,,,,,,,,,,,,,,,,,,,,,,,,,,,,,,,,28.4,27.6,26.9,26.2,25.6,24.9,24.4,23.8,23.4,23,22.7,22.7,22.8,23,23.2,23.5,23.9,24.2,24.5,24.7,24.9,25.1,25.3,25.5,,
Andorra,AND,Prevalence of anemia among pregnant women (%),SH.PRG.ANEM,,,,,,,,,,,,,,,,,,,,,,,,,,,,,,,,,,,,,,,,,21,20.5,20.1,19.7,19.4,19.1,18.8,18.5,18.3,18,17.8,17.6,17.4,17.3,17.2,17,16.9,16.7,16.6,16.4,16.3,16.3,16.3,16.3,,
Arab World,ARB,Prevalence of anemia among pregnant women (%),SH.PRG.ANEM,,,,,,,,,,,,,,,,,,,,,,,,,,,,,,,,,,,,,,,,,36.57982016,36.30997897,36.04259005,35.85920256,35.63632326,35.38935347,35.10187478,34.76242228,34.4472398,34.14693619,33.90329758,33.67595934,33.50816855,33.45589105,33.46650748,33.62221174,33.83266811,34.11932948,34.48639446,34.89480131,35.28570038,35.72208821,36.29776429,36.80741189,,
United Arab Emirates,ARE,Prevalence of anemia among pregnant women (%),SH.PRG.ANEM,,,,,,,,,,,,,,,,,,,,,,,,,,,,,,,,,,,,,,,,,29.6,29.4,29.3,29.3,29.1,29,29,29,28.9,28.7,28.6,28.6,28.7,28.8,28.8,28.9,29,28.9,28.7,28.7,28.6,28.6,28.6,28.6,,
Argentina,ARG,Prevalence of anemia among pregnant women (%),SH.PRG.ANEM,,,,,,,,,,,,,,,,,,,,,,,,,,,,,,,,,,,,,,,,,31.3,31,30.8,30.6,30.4,30.1,29.6,29.2,28.8,28.3,27.9,27.6,27.3,27,26.7,26.5,26.2,25.9,25.6,25.3,25,24.8,24.6,24.4,,
Armenia,ARM,Prevalence of anemia among pregnant women (%),SH.PRG.ANEM,,,,,,,,,,,,,,,,,,,,,,,,,,,,,,,,,,,,,,,,,25.9,25.9,25.8,25.7,25.7,25.4,25.2,24.9,24.5,24.1,23.7,23.4,23.1,22.8,22.5,22.3,22.1,22,21.9,21.8,21.8,21.9,22.1,22.3,,
American Samoa,ASM,Prevalence of anemia among pregnant women (%),SH.PRG.ANEM,,,,,,,,,,,,,,,,,,,,,,,,,,,,,,,,,,,,,,,,,,,,,,,,,,,,,,,,,,,,,,,,,,
Antigua and Barbuda,ATG,Prevalence of anemia among pregnant women (%),SH.PRG.ANEM,,,,,,,,,,,,,,,,,,,,,,,,,,,,,,,,,,,,,,,,,29.1,28.6,28.1,27.5,26.9,26.3,25.7,25.1,24.6,24.2,23.9,23.7,23.7,23.8,23.9,24,24.2,24.4,24.5,24.6,24.7,24.9,25.1,25.2,,
Australia,AUS,Prevalence of anemia among pregnant women (%),SH.PRG.ANEM,,,,,,,,,,,,,,,,,,,,,,,,,,,,,,,,,,,,,,,,,19.4,18.9,18.5,18.1,17.7,17.4,17.1,16.9,16.6,16.4,16.1,15.9,15.7,15.5,15.3,15.1,14.9,14.7,14.5,14.3,14.2,14,14,13.9,,
Austria,AUT,Prevalence of anemia among pregnant women (%),SH.PRG.ANEM,,,,,,,,,,,,,,,,,,,,,,,,,,,,,,,,,,,,,,,,,20.9,20.4,20,19.6,19.3,19,18.8,18.5,18.3,18.1,17.8,17.6,17.5,17.3,17.2,17.1,16.9,16.8,16.7,16.6,16.5,16.5,16.6,16.7,,
Azerbaijan,AZE,Prevalence of anemia among pregnant women (%),SH.PRG.ANEM,,,,,,,,,,,,,,,,,,,,,,,,,,,,,,,,,,,,,,,,,35.3,35.4,35.4,35.5,35.6,35.5,35.3,35,34.7,34.4,34.1,33.9,33.7,33.7,33.6,33.6,33.7,33.7,33.6,33.6,33.7,33.7,33.9,34.1,,
Burundi,BDI,Prevalence of anemia among pregnant women (%),SH.PRG.ANEM,,,,,,,,,,,,,,,,,,,,,,,,,,,,,,,,,,,,,,,,,42.7,42.1,41.4,40.8,40.1,39.4,38.7,38.1,37.6,37.2,37,37.1,37.3,37.8,38.4,39.1,39.8,40.5,41.1,41.7,42.4,43.1,43.9,44.7,,
Belgium,BEL,Prevalence of anemia among pregnant women (%),SH.PRG.ANEM,,,,,,,,,,,,,,,,,,,,,,,,,,,,,,,,,,,,,,,,,18.5,17.9,17.3,16.8,16.4,16,15.7,15.4,15.1,14.8,14.5,14.4,14.2,14.1,14,13.9,13.9,13.8,13.7,13.6,13.6,13.6,13.7,13.9,,
Benin,BEN,Prevalence of anemia among pregnant women (%),SH.PRG.ANEM,,,,,,,,,,,,,,,,,,,,,,,,,,,,,,,,,,,,,,,,,68,67.6,67.1,66.6,66.1,65.5,64.9,64.2,63.5,62.7,62,61.4,60.8,60.4,60.1,60,59.9,60,60,60.1,60,60,60.1,60.2,,
Burkina Faso,BFA,Prevalence of anemia among pregnant women (%),SH.PRG.ANEM,,,,,,,,,,,,,,,,,,,,,,,,,,,,,,,,,,,,,,,,,57.8,57.3,56.8,56.3,55.8,55.3,54.8,54.3,53.8,53.3,52.9,52.5,52.2,51.9,51.7,51.6,51,50.5,50.1,49.8,49.5,49.3,49.2,49.5,,
Bangladesh,BGD,Prevalence of anemia among pregnant women (%),SH.PRG.ANEM,,,,,,,,,,,,,,,,,,,,,,,,,,,,,,,,,,,,,,,,,47.8,47.5,47.3,47,46.6,46.2,45.8,45.3,44.8,44.2,43.7,43.2,42.7,42.2,41.7,41.2,40.8,40.3,39.9,39.5,39.1,38.7,38.6,38.6,,
Bulgaria,BGR,Prevalence of anemia among pregnant women (%),SH.PRG.ANEM,,,,,,,,,,,,,,,,,,,,,,,,,,,,,,,,,,,,,,,,,29.4,29,28.7,28.4,28.1,27.8,27.4,27,26.6,26.2,25.9,25.7,25.5,25.5,25.4,25.4,25.4,25.4,25.4,25.4,25.4,25.4,25.5,25.6,,
Bahrain,BHR,Prevalence of anemia among pregnant women (%),SH.PRG.ANEM,,,,,,,,,,,,,,,,,,,,,,,,,,,,,,,,,,,,,,,,,32.1,31.9,31.8,31.6,31.5,31.3,31.2,30.9,30.7,30.5,30.2,30.1,30,29.8,29.8,29.7,29.7,29.7,29.7,29.7,29.7,29.8,29.9,30.1,,
"Bahamas, The",BHS,Prevalence of anemia among pregnant women (%),SH.PRG.ANEM,,,,,,,,,,,,,,,,,,,,,,,,,,,,,,,,,,,,,,,,,27,26.4,25.9,25.4,24.9,24.5,24,23.5,23.1,22.8,22.5,22.4,22.3,22.5,22.6,22.8,23.1,23.3,23.4,23.6,23.7,23.8,24,24.1,,
Bosnia and Herzegovina,BIH,Prevalence of anemia among pregnant women (%),SH.PRG.ANEM,,,,,,,,,,,,,,,,,,,,,,,,,,,,,,,,,,,,,,,,,30.9,30.4,29.9,29.5,29.1,28.7,28.3,27.9,27.6,27.3,27,26.8,26.6,26.5,26.4,26.3,26.2,26.1,26.1,26,26,26,26,26,,
Belarus,BLR,Prevalence of anemia among pregnant women (%),SH.PRG.ANEM,,,,,,,,,,,,,,,,,,,,,,,,,,,,,,,,,,,,,,,,,28.7,28.2,27.8,27.3,26.8,26.4,25.9,25.4,25,24.6,24.3,24.1,24.1,24,24,24.1,24.1,24.2,24.2,24.2,24.2,24.3,24.3,24.4,,
Belize,BLZ,Prevalence of anemia among pregnant women (%),SH.PRG.ANEM,,,,,,,,,,,,,,,,,,,,,,,,,,,,,,,,,,,,,,,,,32.2,31.6,31,30.3,29.6,29,28.4,27.8,27.2,26.7,26.2,25.9,25.6,25.5,25.5,25.5,25.7,25.8,25.9,26,26.2,26.4,26.6,26.8,,
Bermuda,BMU,Prevalence of anemia among pregnant women (%),SH.PRG.ANEM,,,,,,,,,,,,,,,,,,,,,,,,,,,,,,,,,,,,,,,,,,,,,,,,,,,,,,,,,,,,,,,,,,
Bolivia,BOL,Prevalence of anemia among pregnant women (%),SH.PRG.ANEM,,,,,,,,,,,,,,,,,,,,,,,,,,,,,,,,,,,,,,,,,34.6,34.6,34.6,34.4,34,33.5,33,32.3,31.6,30.9,30.3,29.9,29.4,28.9,28.4,28,27.6,27.2,26.8,26.5,26.1,25.9,25.7,25.5,,
Brazil,BRA,Prevalence of anemia among pregnant women (%),SH.PRG.ANEM,,,,,,,,,,,,,,,,,,,,,,,,,,,,,,,,,,,,,,,,,28.6,27.9,27.3,26.7,26,25.3,24.6,23.9,23.2,22.5,22,21.6,21.4,21.3,21.4,21.5,21.6,21.8,22,22.1,22.3,22.5,22.8,23.1,,
Barbados,BRB,Prevalence of anemia among pregnant women (%),SH.PRG.ANEM,,,,,,,,,,,,,,,,,,,,,,,,,,,,,,,,,,,,,,,,,28.6,28.2,27.7,27.3,26.7,26.2,25.6,25.2,24.7,24.4,24.1,24,24,24,24.1,24.3,24.5,24.6,24.7,24.8,24.9,25,25.2,25.4,,
Brunei Darussalam,BRN,Prevalence of anemia among pregnant women (%),SH.PRG.ANEM,,,,,,,,,,,,,,,,,,,,,,,,,,,,,,,,,,,,,,,,,30.5,29.6,28.7,28,27.2,26.6,26,25.5,24.9,24.3,23.8,23.4,23,22.7,22.4,22.1,21.9,21.7,21.5,21.3,21.1,21,21,21.1,,
Bhutan,BTN,Prevalence of anemia among pregnant women (%),SH.PRG.ANEM,,,,,,,,,,,,,,,,,,,,,,,,,,,,,,,,,,,,,,,,,41.2,40.7,40.2,39.7,39.2,38.8,38.3,37.7,37.2,36.6,36.1,35.7,35.2,34.9,34.6,34.2,34,33.8,33.5,33.2,33,32.8,32.6,32.6,,
Botswana,BWA,Prevalence of anemia among pregnant women (%),SH.PRG.ANEM,,,,,,,,,,,,,,,,,,,,,,,,,,,,,,,,,,,,,,,,,34.7,34.3,33.9,33.5,33.1,32.7,32.3,31.9,31.5,31.1,30.8,30.6,30.5,30.5,30.5,30.5,30.6,30.7,30.7,30.7,30.8,30.9,31.1,31.4,,
Central African Republic,CAF,Prevalence of anemia among pregnant women (%),SH.PRG.ANEM,,,,,,,,,,,,,,,,,,,,,,,,,,,,,,,,,,,,,,,,,52.1,51.8,51.5,51.3,51,50.7,50.4,50,49.6,49.2,49,48.7,48.4,48.3,48.3,48.3,48.2,48,48,48,48.1,48.1,48.2,48.4,,
Canada,CAN,Prevalence of anemia among pregnant women (%),SH.PRG.ANEM,,,,,,,,,,,,,,,,,,,,,,,,,,,,,,,,,,,,,,,,,20.2,19.6,19,18.6,18.1,17.7,17.4,17.1,16.8,16.6,16.3,16.1,16,15.9,15.8,15.7,15.6,15.5,15.3,15.2,15.1,15.1,15.1,15.1,,
Central Europe and the Baltics,CEB,Prevalence of anemia among pregnant women (%),SH.PRG.ANEM,,,,,,,,,,,,,,,,,,,,,,,,,,,,,,,,,,,,,,,,,28.59568415,28.12526548,27.70382838,27.32105446,26.94683632,26.58496414,26.23234945,25.9216324,25.61321492,25.32959679,25.09629474,24.91631465,24.79153472,24.72115381,24.68812372,24.65090582,24.66411074,24.64557384,24.62514152,24.62437414,24.6720401,24.67793762,24.77648224,24.8436989,,
Switzerland,CHE,Prevalence of anemia among pregnant women (%),SH.PRG.ANEM,,,,,,,,,,,,,,,,,,,,,,,,,,,,,,,,,,,,,,,,,18,17.5,17.2,16.9,16.7,16.5,16.3,16.2,16,15.8,15.7,15.6,15.6,15.5,15.5,15.5,15.4,15.4,15.2,15.1,15,15,15,15.1,,
Channel Islands,CHI,Prevalence of anemia among pregnant women (%),SH.PRG.ANEM,,,,,,,,,,,,,,,,,,,,,,,,,,,,,,,,,,,,,,,,,,,,,,,,,,,,,,,,,,,,,,,,,,
Chile,CHL,Prevalence of anemia among pregnant women (%),SH.PRG.ANEM,,,,,,,,,,,,,,,,,,,,,,,,,,,,,,,,,,,,,,,,,26.8,26.3,25.8,25.3,24.9,24.5,24.1,23.8,23.4,23.1,22.8,22.6,22.4,22.3,22.1,22,21.9,21.8,21.6,21.5,21.4,21.3,21.3,21.4,,
China,CHN,Prevalence of anemia among pregnant women (%),SH.PRG.ANEM,,,,,,,,,,,,,,,,,,,,,,,,,,,,,,,,,,,,,,,,,28.7,27.6,26.7,25.7,24.7,23.8,22.8,21.9,21,20.1,19.2,18.6,18.1,17.6,17.2,16.9,16.5,16.2,15.8,15.3,14.9,14.6,14.3,14.2,,
Cote d'Ivoire,CIV,Prevalence of anemia among pregnant women (%),SH.PRG.ANEM,,,,,,,,,,,,,,,,,,,,,,,,,,,,,,,,,,,,,,,,,57.9,57.6,57.3,56.9,56.6,56.3,56,55.7,55.5,55.4,55.2,55.1,55.1,55.1,55.2,55.3,55.5,55.6,55.8,56,56.2,56.5,56.9,57.3,,
Cameroon,CMR,Prevalence of anemia among pregnant women (%),SH.PRG.ANEM,,,,,,,,,,,,,,,,,,,,,,,,,,,,,,,,,,,,,,,,,49,48.4,47.9,47.4,46.9,46.3,45.7,45.1,44.5,44,43.5,43,42.6,42.3,41.9,41.7,41.5,41.3,41.1,40.9,40.8,40.7,40.8,41,,
"Congo, Dem. Rep.",COD,Prevalence of anemia among pregnant women (%),SH.PRG.ANEM,,,,,,,,,,,,,,,,,,,,,,,,,,,,,,,,,,,,,,,,,50.7,50.5,50.2,49.9,49.5,49,48.5,47.9,47.4,46.9,46.3,45.8,45.4,45,44.7,44.5,44.4,44.3,44.3,44.3,44.3,44.4,44.7,45.1,,
"Congo, Rep.",COG,Prevalence of anemia among pregnant women (%),SH.PRG.ANEM,,,,,,,,,,,,,,,,,,,,,,,,,,,,,,,,,,,,,,,,,57.3,57.1,56.9,56.5,56.2,55.7,55.1,54.6,53.9,53.2,52.6,51.9,51.2,50.5,49.9,49.5,49,48.5,48.1,47.7,47.3,47.1,47,46.8,,
Colombia,COL,Prevalence of anemia among pregnant women (%),SH.PRG.ANEM,,,,,,,,,,,,,,,,,,,,,,,,,,,,,,,,,,,,,,,,,37,36.2,35.4,34.4,33.4,32.3,31.1,30,28.9,27.9,27.1,26.5,26,25.7,25.6,25.6,25.7,25.8,25.9,26.1,26.2,26.4,26.7,27,,
Comoros,COM,Prevalence of anemia among pregnant women (%),SH.PRG.ANEM,,,,,,,,,,,,,,,,,,,,,,,,,,,,,,,,,,,,,,,,,41.1,40.5,39.9,39.2,38.6,38,37.4,36.8,36.3,35.9,35.5,35.2,35,34.9,34.8,34.9,35,35,35,35,35.1,35.2,35.4,35.5,,
Cabo Verde,CPV,Prevalence of anemia among pregnant women (%),SH.PRG.ANEM,,,,,,,,,,,,,,,,,,,,,,,,,,,,,,,,,,,,,,,,,51.2,50.6,50.1,49.5,49,48.4,47.8,47.3,46.7,46.2,45.8,45.4,45.1,44.9,44.6,44.4,44.2,44.1,43.9,43.8,43.7,43.6,43.8,43.9,,
Costa Rica,CRI,Prevalence of anemia among pregnant women (%),SH.PRG.ANEM,,,,,,,,,,,,,,,,,,,,,,,,,,,,,,,,,,,,,,,,,26.9,26.4,25.9,25.4,24.8,24.2,23.6,23.1,22.6,22.1,21.8,21.6,21.5,21.5,21.6,21.8,21.9,22,22.2,22.3,22.5,22.7,23,23.3,,
Caribbean small states,CSS,Prevalence of anemia among pregnant women (%),SH.PRG.ANEM,,,,,,,,,,,,,,,,,,,,,,,,,,,,,,,,,,,,,,,,,32.959922,32.24506438,31.59688499,30.9606784,30.2836313,29.6479258,29.01354914,28.41982102,27.88747871,27.37945893,27.01068642,26.80426455,26.64121435,26.63233753,26.69359455,26.7809373,26.86779808,26.99100226,27.04960569,27.18296938,27.23081332,27.29848056,27.44840952,27.61528057,,
Cuba,CUB,Prevalence of anemia among pregnant women (%),SH.PRG.ANEM,,,,,,,,,,,,,,,,,,,,,,,,,,,,,,,,,,,,,,,,,33.3,32.6,31.9,31.3,30.5,29.6,28.8,28,27.3,26.7,26.1,25.8,25.7,25.6,25.6,25.7,25.7,25.7,25.8,25.9,26,26.2,26.4,26.7,,
Curacao,CUW,Prevalence of anemia among pregnant women (%),SH.PRG.ANEM,,,,,,,,,,,,,,,,,,,,,,,,,,,,,,,,,,,,,,,,,,,,,,,,,,,,,,,,,,,,,,,,,,
Cayman Islands,CYM,Prevalence of anemia among pregnant women (%),SH.PRG.ANEM,,,,,,,,,,,,,,,,,,,,,,,,,,,,,,,,,,,,,,,,,,,,,,,,,,,,,,,,,,,,,,,,,,
Cyprus,CYP,Prevalence of anemia among pregnant women (%),SH.PRG.ANEM,,,,,,,,,,,,,,,,,,,,,,,,,,,,,,,,,,,,,,,,,21.3,20.8,20.3,19.9,19.6,19.3,19.1,18.8,18.6,18.3,18.1,17.9,17.8,17.7,17.6,17.5,17.3,17.2,17.1,16.9,16.8,16.8,16.8,17,,
Czechia,CZE,Prevalence of anemia among pregnant women (%),SH.PRG.ANEM,,,,,,,,,,,,,,,,,,,,,,,,,,,,,,,,,,,,,,,,,28.1,27.7,27.3,27,26.6,26.3,26,25.7,25.4,25.2,25,24.9,24.8,24.8,24.8,24.8,24.8,24.8,24.7,24.7,24.7,24.7,24.8,24.8,,
Germany,DEU,Prevalence of anemia among pregnant women (%),SH.PRG.ANEM,,,,,,,,,,,,,,,,,,,,,,,,,,,,,,,,,,,,,,,,,19.8,19.2,18.8,18.4,18,17.7,17.5,17.2,17,16.7,16.5,16.4,16.2,16.1,16,15.9,15.7,15.6,15.4,15.3,15.3,15.2,15.3,15.4,,
Djibouti,DJI,Prevalence of anemia among pregnant women (%),SH.PRG.ANEM,,,,,,,,,,,,,,,,,,,,,,,,,,,,,,,,,,,,,,,,,40.4,39.9,39.4,38.8,38.2,37.6,37,36.5,36,35.6,35.4,35.5,35.6,35.7,35.9,36.1,36.2,36.4,36.4,36.4,36.5,36.6,36.9,37.2,,
Dominica,DMA,Prevalence of anemia among pregnant women (%),SH.PRG.ANEM,,,,,,,,,,,,,,,,,,,,,,,,,,,,,,,,,,,,,,,,,33,32.2,31.4,30.6,30,29.3,28.6,28,27.5,27.1,26.7,26.5,26.3,26.3,26.3,26.4,26.4,26.5,26.5,26.6,26.7,26.8,27,27.2,,
Denmark,DNK,Prevalence of anemia among pregnant women (%),SH.PRG.ANEM,,,,,,,,,,,,,,,,,,,,,,,,,,,,,,,,,,,,,,,,,21.5,21.1,20.7,20.2,19.8,19.5,19.2,18.9,18.6,18.3,18.1,17.9,17.8,17.6,17.5,17.3,17.2,17.1,16.9,16.8,16.7,16.7,16.8,16.9,,
Dominican Republic,DOM,Prevalence of anemia among pregnant women (%),SH.PRG.ANEM,,,,,,,,,,,,,,,,,,,,,,,,,,,,,,,,,,,,,,,,,33.9,33.2,32.5,31.7,30.9,30.1,29.3,28.4,27.7,27.2,26.8,26.5,26.3,26.2,26.2,26.3,26.3,26.4,26.5,26.6,26.7,26.8,27,27.2,,
Algeria,DZA,Prevalence of anemia among pregnant women (%),SH.PRG.ANEM,,,,,,,,,,,,,,,,,,,,,,,,,,,,,,,,,,,,,,,,,36.1,35.8,35.5,35.3,35.1,34.9,34.7,34.5,34.2,34,33.8,33.5,33.4,33.2,33.2,33.2,33.3,33.4,33.6,33.8,34.1,34.3,34.8,35.2,,
East Asia & Pacific (excluding high income),EAP,Prevalence of anemia among pregnant women (%),SH.PRG.ANEM,,,,,,,,,,,,,,,,,,,,,,,,,,,,,,,,,,,,,,,,,33.52173037,32.81035178,32.05981873,31.2227613,30.31231989,29.5032543,28.63015608,27.77983272,26.87717999,26.02802063,25.2679936,24.76300068,24.01691227,23.67982286,23.15265429,23.04339098,22.40568459,22.01278966,22.10707491,21.73284366,22.00299623,22.02057181,21.99866357,21.9683867,,
Early-demographic dividend,EAR,Prevalence of anemia among pregnant women (%),SH.PRG.ANEM,,,,,,,,,,,,,,,,,,,,,,,,,,,,,,,,,,,,,,,,,44.4232186,44.23264271,43.97622625,43.72211986,43.38395497,42.96302857,42.54489968,42.04542507,41.58468389,41.18923808,40.71122044,40.30182201,39.9061629,39.5259504,39.10750909,38.86165677,38.61953556,38.33916653,38.17825593,37.96010897,37.72512827,37.54137305,37.55604741,37.58961912,,
East Asia & Pacific,EAS,Prevalence of anemia among pregnant women (%),SH.PRG.ANEM,,,,,,,,,,,,,,,,,,,,,,,,,,,,,,,,,,,,,,,,,33.12995165,32.45259179,31.74200681,30.94581593,30.08090286,29.30597801,28.46835721,27.64464694,26.78180548,25.96618533,25.22823379,24.72907313,24.00220294,23.66642347,23.14811336,23.0181519,22.3901736,21.99355605,22.05201668,21.66902747,21.89252566,21.86906351,21.81779782,21.76818064,,
Europe & Central Asia (excluding high income),ECA,Prevalence of anemia among pregnant women (%),SH.PRG.ANEM,,,,,,,,,,,,,,,,,,,,,,,,,,,,,,,,,,,,,,,,,35.17270152,34.8480097,34.53571836,34.17523624,33.88845287,33.59130751,33.21469477,32.90388547,32.51695777,32.13596345,31.81360998,31.57045359,31.36506607,31.28016967,31.29436683,31.33308533,31.3715431,31.53506303,31.71274465,31.89539253,32.08032115,32.33555591,32.80839635,33.19969433,,
Europe & Central Asia,ECS,Prevalence of anemia among pregnant women (%),SH.PRG.ANEM,,,,,,,,,,,,,,,,,,,,,,,,,,,,,,,,,,,,,,,,,27.27275813,26.83305051,26.43993084,26.07191767,25.75929762,25.47779123,25.18662964,24.97570784,24.68033627,24.42740477,24.13426626,23.97862356,23.92679136,23.9317953,23.95194912,23.93546165,23.86562539,23.87714273,23.93325292,23.94624877,23.99540505,23.9875416,24.16527089,24.42425403,,
Ecuador,ECU,Prevalence of anemia among pregnant women (%),SH.PRG.ANEM,,,,,,,,,,,,,,,,,,,,,,,,,,,,,,,,,,,,,,,,,33.7,33.2,32.6,31.9,31.2,30.6,30,29.4,28.9,28.4,28,27.8,27.7,27.8,27.9,28.1,28.3,28.4,28.6,28.8,28.9,29.1,29.3,29.5,,
"Egypt, Arab Rep.",EGY,Prevalence of anemia among pregnant women (%),SH.PRG.ANEM,,,,,,,,,,,,,,,,,,,,,,,,,,,,,,,,,,,,,,,,,32.9,32.6,32.2,32,31.7,31.5,31.3,31,30.9,30.8,30.8,30.8,30.7,30.7,30.8,31,31.3,31.8,32.3,32.9,33.5,34.2,35.2,36.3,,
Euro area,EMU,Prevalence of anemia among pregnant women (%),SH.PRG.ANEM,,,,,,,,,,,,,,,,,,,,,,,,,,,,,,,,,,,,,,,,,20.22396265,19.66339663,19.20916864,18.86982045,18.50618059,18.24161519,17.98241699,17.75384251,17.53799374,17.29235365,17.0831276,16.92844274,16.79175324,16.6839125,16.60283113,16.52881587,16.39725355,16.32175823,16.18969164,16.07856818,16.02466315,15.99350947,16.0557141,16.17857946,,
Eritrea,ERI,Prevalence of anemia among pregnant women (%),SH.PRG.ANEM,,,,,,,,,,,,,,,,,,,,,,,,,,,,,,,,,,,,,,,,,44.2,43.7,43.3,42.8,42.4,41.9,41.5,41,40.6,40.3,40,39.8,39.7,39.8,39.8,39.9,40.1,40.2,40.3,40.4,40.6,40.8,41.1,41.5,,
Spain,ESP,Prevalence of anemia among pregnant women (%),SH.PRG.ANEM,,,,,,,,,,,,,,,,,,,,,,,,,,,,,,,,,,,,,,,,,20.5,20,19.5,19.2,18.9,18.7,18.5,18.4,18.2,18,17.8,17.7,17.6,17.4,17.3,17.1,16.9,16.8,16.6,16.4,16.3,16.2,16.3,16.3,,
Estonia,EST,Prevalence of anemia among pregnant women (%),SH.PRG.ANEM,,,,,,,,,,,,,,,,,,,,,,,,,,,,,,,,,,,,,,,,,28.5,28,27.6,27.2,26.8,26.5,26.1,25.8,25.4,25.2,25,24.9,24.8,24.7,24.7,24.7,24.7,24.7,24.7,24.7,24.7,24.7,24.7,24.8,,
Ethiopia,ETH,Prevalence of anemia among pregnant women (%),SH.PRG.ANEM,,,,,,,,,,,,,,,,,,,,,,,,,,,,,,,,,,,,,,,,,32.9,32,31.1,30.3,29.5,28.7,27.9,27.2,26.5,25.9,25.4,25.1,25,25,25,25.1,25.1,25.1,25.1,25.1,25.2,25.4,25.7,26.2,,
European Union,EUU,Prevalence of anemia among pregnant women (%),SH.PRG.ANEM,,,,,,,,,,,,,,,,,,,,,,,,,,,,,,,,,,,,,,,,,21.90315499,21.34680204,20.88471968,20.52609474,20.16817662,19.91973122,19.65776355,19.44196742,19.23947891,19.00467236,18.75092021,18.53195989,18.40052799,18.28546623,18.23617788,18.17841507,18.09874275,18.09383402,17.96240008,17.86119066,17.8028445,17.71299123,17.77209358,17.92436703,,
Fragile and conflict affected situations,FCS,Prevalence of anemia among pregnant women (%),SH.PRG.ANEM,,,,,,,,,,,,,,,,,,,,,,,,,,,,,,,,,,,,,,,,,46.72772394,46.36226092,45.97015395,45.56763323,45.13796017,44.67808395,44.2034738,43.74146577,43.27227928,42.87164289,42.45317809,42.11263126,41.8604743,41.67759004,41.55131016,41.47358989,41.37125658,41.30065379,41.24341123,41.14080465,41.09769217,41.14394799,41.38374771,41.66712061,,
Finland,FIN,Prevalence of anemia among pregnant women (%),SH.PRG.ANEM,,,,,,,,,,,,,,,,,,,,,,,,,,,,,,,,,,,,,,,,,19.4,18.9,18.5,18.1,17.8,17.5,17.2,17,16.7,16.5,16.2,16.1,16,15.9,15.8,15.8,15.7,15.6,15.4,15.3,15.1,15.1,15.1,15.1,,
Fiji,FJI,Prevalence of anemia among pregnant women (%),SH.PRG.ANEM,,,,,,,,,,,,,,,,,,,,,,,,,,,,,,,,,,,,,,,,,37.8,37.5,37.1,36.8,36.4,36.1,35.7,35.2,34.8,34.3,33.9,33.6,33.3,33.1,32.7,32.3,32,31.8,31.5,31.2,30.8,30.7,30.7,30.7,,
France,FRA,Prevalence of anemia among pregnant women (%),SH.PRG.ANEM,,,,,,,,,,,,,,,,,,,,,,,,,,,,,,,,,,,,,,,,,17.8,17.2,16.7,16.4,16,15.7,15.5,15.3,15,14.8,14.7,14.5,14.5,14.5,14.5,14.5,14.4,14.4,14.4,14.4,14.4,14.5,14.6,14.8,,
Faroe Islands,FRO,Prevalence of anemia among pregnant women (%),SH.PRG.ANEM,,,,,,,,,,,,,,,,,,,,,,,,,,,,,,,,,,,,,,,,,,,,,,,,,,,,,,,,,,,,,,,,,,
"Micronesia, Fed. Sts.",FSM,Prevalence of anemia among pregnant women (%),SH.PRG.ANEM,,,,,,,,,,,,,,,,,,,,,,,,,,,,,,,,,,,,,,,,,30.2,29.9,29.6,29.3,29,28.7,28.4,28.1,27.7,27.4,27.1,26.9,26.7,26.5,26.4,26.2,26.2,26,25.9,25.8,25.8,25.8,25.8,25.9,,
Gabon,GAB,Prevalence of anemia among pregnant women (%),SH.PRG.ANEM,,,,,,,,,,,,,,,,,,,,,,,,,,,,,,,,,,,,,,,,,59.6,59.3,59,58.6,58.2,57.8,57.4,56.9,56.5,56.2,55.8,55.4,55,54.7,54.4,54.3,54.2,54.2,54.2,54.4,54.4,54.4,54.7,54.8,,
United Kingdom,GBR,Prevalence of anemia among pregnant women (%),SH.PRG.ANEM,,,,,,,,,,,,,,,,,,,,,,,,,,,,,,,,,,,,,,,,,20.1,19.6,19.2,18.8,18.5,18.2,18,17.8,17.5,17.2,17,16.7,16.5,16.3,16,15.8,15.6,15.4,15.1,14.8,14.6,14.4,14.3,14.3,,
Georgia,GEO,Prevalence of anemia among pregnant women (%),SH.PRG.ANEM,,,,,,,,,,,,,,,,,,,,,,,,,,,,,,,,,,,,,,,,,32.9,32.7,32.5,32.4,32.3,32.2,32.1,31.9,31.7,31.6,31.4,31.2,31.1,31,30.9,30.9,30.8,30.8,30.9,31,31.1,31.3,31.6,31.9,,
Ghana,GHA,Prevalence of anemia among pregnant women (%),SH.PRG.ANEM,,,,,,,,,,,,,,,,,,,,,,,,,,,,,,,,,,,,,,,,,54.1,53.8,53.6,53.3,53,52.6,52.2,51.7,51.1,50.5,49.9,49.2,48.6,48.1,47.5,47.1,46.7,46.3,46,45.7,45.4,45.2,45.2,45.3,,
Gibraltar,GIB,Prevalence of anemia among pregnant women (%),SH.PRG.ANEM,,,,,,,,,,,,,,,,,,,,,,,,,,,,,,,,,,,,,,,,,,,,,,,,,,,,,,,,,,,,,,,,,,
Guinea,GIN,Prevalence of anemia among pregnant women (%),SH.PRG.ANEM,,,,,,,,,,,,,,,,,,,,,,,,,,,,,,,,,,,,,,,,,60.8,60.5,60.2,59.8,59.4,58.9,58.4,57.8,57.3,56.7,56.1,55.4,54.8,54.2,53.7,53.1,52.6,52,51.5,51.1,50.7,50.4,50.2,50.2,,
"Gambia, The",GMB,Prevalence of anemia among pregnant women (%),SH.PRG.ANEM,,,,,,,,,,,,,,,,,,,,,,,,,,,,,,,,,,,,,,,,,66.7,66.3,65.9,65.5,65,64.5,64,63.5,63,62.5,62,61.4,60.9,60.3,59.8,59.2,58.5,57.9,57.3,56.5,55.8,55.1,54.5,54.1,,
Guinea-Bissau,GNB,Prevalence of anemia among pregnant women (%),SH.PRG.ANEM,,,,,,,,,,,,,,,,,,,,,,,,,,,,,,,,,,,,,,,,,56.1,55.8,55.5,55.1,54.8,54.3,53.9,53.4,53,52.5,52.1,51.7,51.5,51.3,51.2,51.1,51,51,50.9,50.9,50.8,50.8,50.9,51.1,,
Equatorial Guinea,GNQ,Prevalence of anemia among pregnant women (%),SH.PRG.ANEM,,,,,,,,,,,,,,,,,,,,,,,,,,,,,,,,,,,,,,,,,51.8,50.9,50.2,49.5,48.8,48.2,47.5,46.9,46.3,45.7,45.2,44.7,44.2,43.8,43.5,43.3,43.1,43,42.9,42.8,42.7,42.7,42.8,42.9,,
Greece,GRC,Prevalence of anemia among pregnant women (%),SH.PRG.ANEM,,,,,,,,,,,,,,,,,,,,,,,,,,,,,,,,,,,,,,,,,21.3,20.8,20.3,19.9,19.6,19.3,19,18.7,18.5,18.2,18,17.8,17.6,17.5,17.5,17.3,17.2,17.1,16.9,16.7,16.6,16.5,16.5,16.6,,
Grenada,GRD,Prevalence of anemia among pregnant women (%),SH.PRG.ANEM,,,,,,,,,,,,,,,,,,,,,,,,,,,,,,,,,,,,,,,,,31.9,31.2,30.4,29.6,28.9,28.2,27.5,26.9,26.4,25.9,25.6,25.4,25.3,25.3,25.3,25.4,25.5,25.5,25.5,25.5,25.6,25.7,25.9,26.1,,
Greenland,GRL,Prevalence of anemia among pregnant women (%),SH.PRG.ANEM,,,,,,,,,,,,,,,,,,,,,,,,,,,,,,,,,,,,,,,,,,,,,,,,,,,,,,,,,,,,,,,,,,
Guatemala,GTM,Prevalence of anemia among pregnant women (%),SH.PRG.ANEM,,,,,,,,,,,,,,,,,,,,,,,,,,,,,,,,,,,,,,,,,29.5,28.3,27.1,25.9,24.6,23.5,22.4,21.3,20.4,19.6,18.9,18.4,18.1,18,18,18.1,18.3,18.5,18.8,19.1,19.5,19.9,20.3,20.8,,
Guam,GUM,Prevalence of anemia among pregnant women (%),SH.PRG.ANEM,,,,,,,,,,,,,,,,,,,,,,,,,,,,,,,,,,,,,,,,,,,,,,,,,,,,,,,,,,,,,,,,,,
Guyana,GUY,Prevalence of anemia among pregnant women (%),SH.PRG.ANEM,,,,,,,,,,,,,,,,,,,,,,,,,,,,,,,,,,,,,,,,,39.1,38.5,38,37.6,37.1,36.5,35.9,35.4,34.9,34.4,34,33.7,33.4,33.2,33.1,33,32.8,32.7,32.5,32.3,32.1,31.9,31.9,31.9,,
High income,HIC,Prevalence of anemia among pregnant women (%),SH.PRG.ANEM,,,,,,,,,,,,,,,,,,,,,,,,,,,,,,,,,,,,,,,,,20.83044663,20.41135151,20.04824828,19.72114819,19.41525839,19.12175657,18.87184353,18.73142637,18.64617837,18.51836196,18.41206168,18.24821188,18.17126812,18.05516797,17.94229983,17.82345497,17.67128911,17.46630903,17.27757385,17.03973027,16.93653941,16.7533286,16.63350041,16.76197047,,
"Hong Kong SAR, China",HKG,Prevalence of anemia among pregnant women (%),SH.PRG.ANEM,,,,,,,,,,,,,,,,,,,,,,,,,,,,,,,,,,,,,,,,,,,,,,,,,,,,,,,,,,,,,,,,,,
Honduras,HND,Prevalence of anemia among pregnant women (%),SH.PRG.ANEM,,,,,,,,,,,,,,,,,,,,,,,,,,,,,,,,,,,,,,,,,28.7,27.8,27,26.2,25.4,24.6,24,23.4,22.8,22.4,22,21.9,21.9,22,22.2,22.4,22.7,23,23.2,23.5,23.8,24.1,24.4,24.8,,
Heavily indebted poor countries (HIPC),HPC,Prevalence of anemia among pregnant women (%),SH.PRG.ANEM,,,,,,,,,,,,,,,,,,,,,,,,,,,,,,,,,,,,,,,,,47.43914026,47.04916676,46.64446025,46.23791732,45.8061755,45.33292457,44.87243735,44.38335502,43.94864419,43.55810386,43.18551692,42.91554404,42.76542646,42.66158717,42.53098579,42.44150683,42.38924183,42.30287364,42.19540807,42.0952008,42.08103093,42.14897348,42.40303814,42.73670803,,
Croatia,HRV,Prevalence of anemia among pregnant women (%),SH.PRG.ANEM,,,,,,,,,,,,,,,,,,,,,,,,,,,,,,,,,,,,,,,,,28.9,28.4,28,27.6,27.3,26.9,26.5,26.2,25.8,25.5,25.3,25.1,24.9,24.9,24.8,24.7,24.7,24.7,24.6,24.5,24.5,24.5,24.5,24.6,,
Haiti,HTI,Prevalence of anemia among pregnant women (%),SH.PRG.ANEM,,,,,,,,,,,,,,,,,,,,,,,,,,,,,,,,,,,,,,,,,55.6,55.1,54.4,53.8,53.1,52.3,51.6,50.8,50,49.2,48.5,47.9,47.4,46.9,46.6,46.3,46.2,46,45.8,45.7,45.6,45.5,45.5,45.5,,
Hungary,HUN,Prevalence of anemia among pregnant women (%),SH.PRG.ANEM,,,,,,,,,,,,,,,,,,,,,,,,,,,,,,,,,,,,,,,,,27.8,27.4,27,26.6,26.3,26,25.7,25.5,25.2,24.9,24.8,24.7,24.6,24.6,24.6,24.6,24.6,24.6,24.5,24.6,24.6,24.6,24.7,24.8,,
IBRD only,IBD,Prevalence of anemia among pregnant women (%),SH.PRG.ANEM,,,,,,,,,,,,,,,,,,,,,,,,,,,,,,,,,,,,,,,,,39.33369494,39.09446001,38.69467607,38.26839704,37.73311638,37.17249709,36.54930016,35.86277364,35.18477747,34.60854237,34.04264754,33.6315496,32.95127836,32.71469559,32.19096726,32.25063536,31.91164518,31.64952125,32.13392452,32.04020668,32.47022417,32.70948996,33.04658673,33.29912211,,
IDA & IBRD total,IBT,Prevalence of anemia among pregnant women (%),SH.PRG.ANEM,,,,,,,,,,,,,,,,,,,,,,,,,,,,,,,,,,,,,,,,,42.28324282,42.06318335,41.73676011,41.37816541,40.92051483,40.44694179,39.9332628,39.3616842,38.78896498,38.299437,37.83590088,37.4835917,36.94417758,36.77739518,36.4020159,36.4244822,36.15040271,35.98460058,36.31395474,36.25248264,36.56728122,36.73759603,37.02307774,37.27492141,,
IDA total,IDA,Prevalence of anemia among pregnant women (%),SH.PRG.ANEM,,,,,,,,,,,,,,,,,,,,,,,,,,,,,,,,,,,,,,,,,47.74810287,47.42978896,47.13342632,46.79413803,46.42405425,46.01180185,45.60000785,45.15059492,44.71127812,44.3185306,43.92491242,43.60746314,43.35564402,43.13118909,42.90657574,42.71150638,42.51027327,42.30570941,42.06243787,41.82129968,41.61854182,41.47982626,41.53620905,41.67420191,,
IDA blend,IDB,Prevalence of anemia among pregnant women (%),SH.PRG.ANEM,,,,,,,,,,,,,,,,,,,,,,,,,,,,,,,,,,,,,,,,,49.49187425,49.32956079,49.20746807,48.98396744,48.77238097,48.46361251,48.13461655,47.77876959,47.36341151,47.01926534,46.63077908,46.30138287,45.98360049,45.62930608,45.26886682,44.94756896,44.56904817,44.18422831,43.71763088,43.26739804,42.78078971,42.3364516,42.08473051,41.92200972,,
Indonesia,IDN,Prevalence of anemia among pregnant women (%),SH.PRG.ANEM,,,,,,,,,,,,,,,,,,,,,,,,,,,,,,,,,,,,,,,,,38.6,38.2,37.7,37.2,36.7,36.2,35.7,35.1,34.5,33.9,33.3,32.8,32.4,31.9,31.5,31.1,30.6,30.1,29.5,28.9,28.4,27.9,27.4,27.1,,
IDA only,IDX,Prevalence of anemia among pregnant women (%),SH.PRG.ANEM,,,,,,,,,,,,,,,,,,,,,,,,,,,,,,,,,,,,,,,,,46.79172848,46.38378322,45.98874476,45.58205731,45.12742391,44.64893852,44.1741542,43.65308087,43.17273808,42.73297347,42.32284065,42.00880196,41.80537596,41.66655279,41.52883165,41.42303515,41.34640625,41.25718931,41.15240692,41.03835761,40.99674637,41.02204538,41.24447575,41.542949,,
Isle of Man,IMN,Prevalence of anemia among pregnant women (%),SH.PRG.ANEM,,,,,,,,,,,,,,,,,,,,,,,,,,,,,,,,,,,,,,,,,,,,,,,,,,,,,,,,,,,,,,,,,,
India,IND,Prevalence of anemia among pregnant women (%),SH.PRG.ANEM,,,,,,,,,,,,,,,,,,,,,,,,,,,,,,,,,,,,,,,,,51.6,51.7,51.7,51.8,51.8,51.7,51.6,51.3,51,50.7,50.3,50,49.6,49.2,48.9,48.5,48.1,47.8,47.5,47.2,46.9,46.6,46.6,46.6,,
Not classified,INX,Prevalence of anemia among pregnant women (%),SH.PRG.ANEM,,,,,,,,,,,,,,,,,,,,,,,,,,,,,,,,,,,,,,,,,,,,,,,,,,,,,,,,,,,,,,,,,,
Ireland,IRL,Prevalence of anemia among pregnant women (%),SH.PRG.ANEM,,,,,,,,,,,,,,,,,,,,,,,,,,,,,,,,,,,,,,,,,20.3,19.7,19.3,18.9,18.6,18.3,18,17.8,17.6,17.4,17.1,16.9,16.8,16.6,16.4,16.2,16,15.8,15.5,15.2,15,14.8,14.7,14.7,,
"Iran, Islamic Rep.",IRN,Prevalence of anemia among pregnant women (%),SH.PRG.ANEM,,,,,,,,,,,,,,,,,,,,,,,,,,,,,,,,,,,,,,,,,29,28.2,27.6,27,26.5,26.1,25.6,25.3,24.9,24.6,24.4,24.2,24.1,24.1,24.1,24.3,24.5,24.8,25.1,25.5,26,26.6,27.2,27.9,,
Iraq,IRQ,Prevalence of anemia among pregnant women (%),SH.PRG.ANEM,,,,,,,,,,,,,,,,,,,,,,,,,,,,,,,,,,,,,,,,,37.1,36.7,36.3,36,35.6,35.2,34.7,34.2,33.5,32.9,32.3,31.9,31.5,31.2,31,31,30.9,31,31.1,31.3,31.5,31.8,32.3,32.9,,
Iceland,ISL,Prevalence of anemia among pregnant women (%),SH.PRG.ANEM,,,,,,,,,,,,,,,,,,,,,,,,,,,,,,,,,,,,,,,,,20.1,19.5,19.1,18.7,18.3,18,17.8,17.5,17.3,17.1,16.8,16.7,16.5,16.4,16.2,16,15.9,15.7,15.5,15.3,15.2,15.1,15.1,15.1,,
Israel,ISR,Prevalence of anemia among pregnant women (%),SH.PRG.ANEM,,,,,,,,,,,,,,,,,,,,,,,,,,,,,,,,,,,,,,,,,21.2,20.6,20,19.5,19.1,18.7,18.5,18.2,18,17.8,17.6,17.4,17.2,17,16.8,16.6,16.4,16.2,16,15.8,15.6,15.6,15.5,15.6,,
Italy,ITA,Prevalence of anemia among pregnant women (%),SH.PRG.ANEM,,,,,,,,,,,,,,,,,,,,,,,,,,,,,,,,,,,,,,,,,21.1,20.6,20.1,19.8,19.4,19.2,18.9,18.6,18.4,18.1,17.9,17.8,17.6,17.5,17.4,17.4,17.3,17.2,17.1,17,16.9,16.9,17,17.1,,
Jamaica,JAM,Prevalence of anemia among pregnant women (%),SH.PRG.ANEM,,,,,,,,,,,,,,,,,,,,,,,,,,,,,,,,,,,,,,,,,31.1,30.5,29.9,29.3,28.6,28,27.4,26.8,26.3,25.8,25.5,25.3,25.1,25.1,25.2,25.2,25.3,25.4,25.6,25.7,25.9,26.1,26.3,26.6,,
Jordan,JOR,Prevalence of anemia among pregnant women (%),SH.PRG.ANEM,,,,,,,,,,,,,,,,,,,,,,,,,,,,,,,,,,,,,,,,,31.1,30.9,30.7,30.7,30.7,30.7,30.7,30.7,30.7,30.7,30.7,30.8,31,31.2,31.4,31.6,31.9,32.1,32.3,32.4,32.6,32.8,33.1,33.3,,
Japan,JPN,Prevalence of anemia among pregnant women (%),SH.PRG.ANEM,,,,,,,,,,,,,,,,,,,,,,,,,,,,,,,,,,,,,,,,,31,30.9,30.8,30.7,30.6,30.4,30.2,30,29.8,29.5,29.2,28.8,28.4,28,27.6,27.1,26.5,25.9,25.3,24.6,24,23.4,22.9,22.5,,
Kazakhstan,KAZ,Prevalence of anemia among pregnant women (%),SH.PRG.ANEM,,,,,,,,,,,,,,,,,,,,,,,,,,,,,,,,,,,,,,,,,34.2,33.9,33.6,33.3,33,32.7,32.4,32.1,31.8,31.5,31.2,31.1,31,31,31,31.1,31.2,31.3,31.3,31.5,31.6,31.8,32,32.3,,
Kenya,KEN,Prevalence of anemia among pregnant women (%),SH.PRG.ANEM,,,,,,,,,,,,,,,,,,,,,,,,,,,,,,,,,,,,,,,,,45.8,45.1,44.5,43.8,43.1,42.3,41.6,40.9,40.2,39.6,39.1,38.8,38.6,38.5,38.5,38.5,38.5,38.6,38.7,38.8,38.9,39.1,39.5,39.8,,
Kyrgyz Republic,KGZ,Prevalence of anemia among pregnant women (%),SH.PRG.ANEM,,,,,,,,,,,,,,,,,,,,,,,,,,,,,,,,,,,,,,,,,37.4,37.4,37.5,37.5,37.6,37.7,37.7,37.7,37.7,37.7,37.7,37.8,37.9,38.1,38.4,38.7,39.1,39.5,39.8,40.2,40.7,41.2,41.8,42.5,,
Cambodia,KHM,Prevalence of anemia among pregnant women (%),SH.PRG.ANEM,,,,,,,,,,,,,,,,,,,,,,,,,,,,,,,,,,,,,,,,,56.6,55.9,55.1,54.3,53.4,52.6,51.7,50.8,49.9,49.1,48.4,47.7,47.2,46.6,46,45.5,45,44.4,43.7,43.1,42.4,41.8,41.4,41,,
Kiribati,KIR,Prevalence of anemia among pregnant women (%),SH.PRG.ANEM,,,,,,,,,,,,,,,,,,,,,,,,,,,,,,,,,,,,,,,,,35.8,35.3,34.7,34.2,33.7,33.3,32.9,32.6,32.2,31.9,31.6,31.4,31.2,31,30.7,30.5,30.3,30.2,30,29.7,29.5,29.4,29.4,29.4,,
St. Kitts and Nevis,KNA,Prevalence of anemia among pregnant women (%),SH.PRG.ANEM,,,,,,,,,,,,,,,,,,,,,,,,,,,,,,,,,,,,,,,,,29,28.4,27.8,27.2,26.7,26.1,25.6,25,24.6,24.2,23.9,23.6,23.4,23.3,23.4,23.5,23.6,23.7,23.9,24.1,24.3,24.5,24.7,24.9,,
"Korea, Rep.",KOR,Prevalence of anemia among pregnant women (%),SH.PRG.ANEM,,,,,,,,,,,,,,,,,,,,,,,,,,,,,,,,,,,,,,,,,26.1,25.5,24.9,24.4,23.9,23.5,23.1,22.7,22.3,21.9,21.4,21,20.6,20.2,19.8,19.3,18.9,18.4,17.9,17.5,17,16.6,16.2,15.9,,
Kuwait,KWT,Prevalence of anemia among pregnant women (%),SH.PRG.ANEM,,,,,,,,,,,,,,,,,,,,,,,,,,,,,,,,,,,,,,,,,29.5,29.3,29,28.7,28.5,28.3,28,27.9,27.7,27.7,27.6,27.6,27.6,27.7,27.8,27.8,27.9,28,28.1,28.1,28.1,28.2,28.3,28.5,,
Latin America & Caribbean (excluding high income),LAC,Prevalence of anemia among pregnant women (%),SH.PRG.ANEM,,,,,,,,,,,,,,,,,,,,,,,,,,,,,,,,,,,,,,,,,31.24532151,30.57911708,29.95357537,29.30579435,28.5726878,27.85429556,27.11714433,26.42221619,25.76447898,25.13658789,24.65832095,24.31217866,24.10217922,24.02950144,24.0675156,24.16122481,24.30780081,24.44208708,24.58986723,24.74423605,24.93593974,25.12994018,25.38266895,25.66087141,,
Lao PDR,LAO,Prevalence of anemia among pregnant women (%),SH.PRG.ANEM,,,,,,,,,,,,,,,,,,,,,,,,,,,,,,,,,,,,,,,,,45.1,44.4,43.6,42.8,41.9,41.1,40.3,39.4,38.6,37.8,37,36.3,35.7,35.1,34.6,34.1,33.6,33,32.4,31.8,31.3,30.7,30.3,30,,
Lebanon,LBN,Prevalence of anemia among pregnant women (%),SH.PRG.ANEM,,,,,,,,,,,,,,,,,,,,,,,,,,,,,,,,,,,,,,,,,31.5,31.3,31.2,31.1,31,30.9,30.8,30.7,30.5,30.4,30.3,30.3,30.3,30.5,30.6,30.8,31,31.3,31.5,31.8,32.2,32.6,33.1,33.6,,
Liberia,LBR,Prevalence of anemia among pregnant women (%),SH.PRG.ANEM,,,,,,,,,,,,,,,,,,,,,,,,,,,,,,,,,,,,,,,,,56.3,55.3,54.3,53.5,52.7,51.8,51,50.2,49.5,48.8,48.2,47.6,47.2,46.9,46.7,46.7,46.8,46.9,47.1,47.4,47.8,48.2,48.7,49.2,,
Libya,LBY,Prevalence of anemia among pregnant women (%),SH.PRG.ANEM,,,,,,,,,,,,,,,,,,,,,,,,,,,,,,,,,,,,,,,,,33,32.7,32.6,32.4,32.3,32.1,31.9,31.6,31.4,31.2,31,30.8,30.6,30.6,30.6,30.6,30.7,30.8,30.9,31.1,31.2,31.4,31.7,32.1,,
St. Lucia,LCA,Prevalence of anemia among pregnant women (%),SH.PRG.ANEM,,,,,,,,,,,,,,,,,,,,,,,,,,,,,,,,,,,,,,,,,28.6,28,27.4,26.9,26.4,25.8,25.3,24.8,24.3,23.9,23.5,23.3,23.3,23.3,23.4,23.6,23.9,24.3,24.5,24.7,24.9,25.1,25.3,25.4,,
Latin America & Caribbean,LCN,Prevalence of anemia among pregnant women (%),SH.PRG.ANEM,,,,,,,,,,,,,,,,,,,,,,,,,,,,,,,,,,,,,,,,,31.19300093,30.53981164,29.93105171,29.30064983,28.59347011,27.88302108,27.1552709,26.46438451,25.80518602,25.18755394,24.72178669,24.37810108,24.18274295,24.11881084,24.16433198,24.26872986,24.42128062,24.56280411,24.70972566,24.85485494,25.04082169,25.23247209,25.47024318,25.74807612,,
Least developed countries: UN classification,LDC,Prevalence of anemia among pregnant women (%),SH.PRG.ANEM,,,,,,,,,,,,,,,,,,,,,,,,,,,,,,,,,,,,,,,,,47.42625111,47.01724328,46.60973933,46.18548547,45.7139024,45.21682971,44.72879671,44.20831089,43.72344024,43.26069642,42.82861734,42.5071756,42.297835,42.14338666,41.97699408,41.84947509,41.76739995,41.68641074,41.58721441,41.47435904,41.43715432,41.463287,41.69055472,41.99632971,,
Low income,LIC,Prevalence of anemia among pregnant women (%),SH.PRG.ANEM,,,,,,,,,,,,,,,,,,,,,,,,,,,,,,,,,,,,,,,,,47.10326687,46.79568899,46.46747996,46.11195299,45.73472331,45.32825804,44.89916076,44.42252338,43.99534004,43.6143032,43.25128198,43.020434,42.86805862,42.80331337,42.80607712,42.84745209,42.92884676,42.97329324,43.027943,43.04215863,43.12055461,43.26470921,43.59915369,43.98440541,,
Liechtenstein,LIE,Prevalence of anemia among pregnant women (%),SH.PRG.ANEM,,,,,,,,,,,,,,,,,,,,,,,,,,,,,,,,,,,,,,,,,,,,,,,,,,,,,,,,,,,,,,,,,,
Sri Lanka,LKA,Prevalence of anemia among pregnant women (%),SH.PRG.ANEM,,,,,,,,,,,,,,,,,,,,,,,,,,,,,,,,,,,,,,,,,32.3,31.7,31.3,30.8,30.4,30,29.6,29.3,28.9,28.6,28.3,28,27.8,27.5,27.3,27.1,26.7,26.3,25.8,25.3,24.7,24.1,23.5,22.9,,
Lower middle income,LMC,Prevalence of anemia among pregnant women (%),SH.PRG.ANEM,,,,,,,,,,,,,,,,,,,,,,,,,,,,,,,,,,,,,,,,,49.17545718,49.03526085,48.85850743,48.68135205,48.45920416,48.15987786,47.82411238,47.36977318,46.92400591,46.51727686,46.05382963,45.67961476,45.26932112,44.8641053,44.46936429,44.14445538,43.88369132,43.59437427,43.37669813,43.07572547,42.74738248,42.48890855,42.43050757,42.41545487,,
Low & middle income,LMY,Prevalence of anemia among pregnant women (%),SH.PRG.ANEM,,,,,,,,,,,,,,,,,,,,,,,,,,,,,,,,,,,,,,,,,42.83596564,42.64775886,42.34936552,42.01564598,41.57271311,41.10910011,40.60320243,40.04430563,39.47857044,38.98390994,38.5154202,38.15218134,37.58762833,37.41306117,37.02478741,37.05411862,36.7647718,36.58120614,36.93658388,36.86984802,37.21014062,37.38349445,37.66879129,37.91364868,,
Lesotho,LSO,Prevalence of anemia among pregnant women (%),SH.PRG.ANEM,,,,,,,,,,,,,,,,,,,,,,,,,,,,,,,,,,,,,,,,,34.8,34.2,33.7,33.2,32.8,32.4,32,31.6,31.2,30.9,30.7,30.6,30.7,30.8,31,31.2,31.6,32.1,32.6,33.1,33.7,34.3,35.1,35.8,,
Late-demographic dividend,LTE,Prevalence of anemia among pregnant women (%),SH.PRG.ANEM,,,,,,,,,,,,,,,,,,,,,,,,,,,,,,,,,,,,,,,,,30.0108403,29.16923434,28.42685776,27.63046975,26.80815638,26.03603654,25.21253847,24.46578433,23.69995716,22.94546675,22.27779199,21.83381246,21.35205635,21.10669737,20.82786966,20.79306003,20.40282681,20.19376838,20.32584893,20.11490136,20.40728214,20.5435137,20.65429689,20.82256295,,
Lithuania,LTU,Prevalence of anemia among pregnant women (%),SH.PRG.ANEM,,,,,,,,,,,,,,,,,,,,,,,,,,,,,,,,,,,,,,,,,28.7,28.2,27.6,27.1,26.6,26.1,25.6,25.2,24.9,24.6,24.4,24.3,24.3,24.3,24.2,24.3,24.3,24.3,24.3,24.3,24.3,24.3,24.4,24.4,,
Luxembourg,LUX,Prevalence of anemia among pregnant women (%),SH.PRG.ANEM,,,,,,,,,,,,,,,,,,,,,,,,,,,,,,,,,,,,,,,,,19.7,19.2,18.8,18.4,18.1,17.9,17.6,17.4,17.2,17,16.8,16.7,16.6,16.5,16.4,16.3,16.2,16.1,15.9,15.7,15.6,15.5,15.5,15.5,,
Latvia,LVA,Prevalence of anemia among pregnant women (%),SH.PRG.ANEM,,,,,,,,,,,,,,,,,,,,,,,,,,,,,,,,,,,,,,,,,26.9,26.4,25.9,25.4,25,24.6,24.2,23.8,23.5,23.2,22.9,22.8,22.7,22.6,22.5,22.5,22.4,22.4,22.3,22.2,22.1,22,21.9,21.9,,
"Macao SAR, China",MAC,Prevalence of anemia among pregnant women (%),SH.PRG.ANEM,,,,,,,,,,,,,,,,,,,,,,,,,,,,,,,,,,,,,,,,,,,,,,,,,,,,,,,,,,,,,,,,,,
St. Martin (French part),MAF,Prevalence of anemia among pregnant women (%),SH.PRG.ANEM,,,,,,,,,,,,,,,,,,,,,,,,,,,,,,,,,,,,,,,,,,,,,,,,,,,,,,,,,,,,,,,,,,
Morocco,MAR,Prevalence of anemia among pregnant women (%),SH.PRG.ANEM,,,,,,,,,,,,,,,,,,,,,,,,,,,,,,,,,,,,,,,,,35.2,35,34.8,34.6,34.5,34.3,34,33.7,33.3,32.9,32.6,32.2,32,31.8,31.7,31.7,31.7,31.8,32,32.2,32.4,32.7,33.1,33.7,,
Monaco,MCO,Prevalence of anemia among pregnant women (%),SH.PRG.ANEM,,,,,,,,,,,,,,,,,,,,,,,,,,,,,,,,,,,,,,,,,20.6,20.2,19.7,19.3,19,18.7,18.5,18.2,18,17.7,17.5,17.3,17.2,17,16.9,16.7,16.6,16.4,16.3,16.1,16,15.9,15.9,15.9,,
Moldova,MDA,Prevalence of anemia among pregnant women (%),SH.PRG.ANEM,,,,,,,,,,,,,,,,,,,,,,,,,,,,,,,,,,,,,,,,,33.3,32.9,32.4,31.9,31.4,31,30.5,30,29.6,29.2,28.8,28.5,28.2,27.9,27.6,27.5,27.3,27.1,27.1,27.1,27.2,27.2,27.3,27.4,,
Madagascar,MDG,Prevalence of anemia among pregnant women (%),SH.PRG.ANEM,,,,,,,,,,,,,,,,,,,,,,,,,,,,,,,,,,,,,,,,,41.9,41.5,41.2,40.7,40.2,39.5,38.9,38.2,37.6,37.1,36.7,36.7,36.7,36.9,37.1,37.4,37.7,38,38.1,38.1,38.3,38.4,38.8,39.3,,
Maldives,MDV,Prevalence of anemia among pregnant women (%),SH.PRG.ANEM,,,,,,,,,,,,,,,,,,,,,,,,,,,,,,,,,,,,,,,,,53.3,52.7,52.1,51.5,51,50.4,49.9,49.3,48.7,48.2,47.7,47.2,46.7,46.2,45.8,45.4,45,44.6,44,43.4,42.8,42.2,41.7,41.3,,
"Middle East, North Africa, Afghanistan & Pakistan",MEA,Prevalence of anemia among pregnant women (%),SH.PRG.ANEM,,,,,,,,,,,,,,,,,,,,,,,,,,,,,,,,,,,,,,,,,38.83560486,38.63340581,38.47002183,38.31474422,38.08308619,37.86825683,37.66995085,37.44754022,37.25166644,37.03862502,36.79134478,36.50433427,36.22136452,35.97430173,35.69667777,35.55247414,35.37924626,35.37652034,35.33162969,35.3755456,35.32259802,35.27310781,35.38596596,35.51991669,,
Mexico,MEX,Prevalence of anemia among pregnant women (%),SH.PRG.ANEM,,,,,,,,,,,,,,,,,,,,,,,,,,,,,,,,,,,,,,,,,29.3,28.5,27.7,26.9,26.1,25.4,24.6,24,23.4,22.9,22.6,22.4,22.4,22.6,22.8,23.1,23.5,23.8,24.1,24.4,24.7,25,25.3,25.7,,
Marshall Islands,MHL,Prevalence of anemia among pregnant women (%),SH.PRG.ANEM,,,,,,,,,,,,,,,,,,,,,,,,,,,,,,,,,,,,,,,,,32.5,32.1,31.7,31.4,31.1,30.7,30.3,29.9,29.5,29.1,28.7,28.4,28.2,27.9,27.8,27.6,27.5,27.2,26.8,26.5,26.2,25.9,25.7,25.5,,
Middle income,MIC,Prevalence of anemia among pregnant women (%),SH.PRG.ANEM,,,,,,,,,,,,,,,,,,,,,,,,,,,,,,,,,,,,,,,,,42.2697959,42.08613235,41.78028255,41.43603297,40.97384345,40.4903382,39.96093695,39.37846633,38.78315756,38.26156695,37.76236221,37.36729263,36.73440411,36.52031395,36.05474061,36.05773688,35.69261527,35.43468908,35.78831879,35.66263848,35.98502229,36.1192976,36.35552373,36.53542253,,
North Macedonia,MKD,Prevalence of anemia among pregnant women (%),SH.PRG.ANEM,,,,,,,,,,,,,,,,,,,,,,,,,,,,,,,,,,,,,,,,,27.8,27.4,27,26.7,26.3,26,25.7,25.4,25.1,24.9,24.6,24.5,24.4,24.3,24.3,24.3,24.3,24.3,24.3,24.3,24.3,24.3,24.3,24.4,,
Mali,MLI,Prevalence of anemia among pregnant women (%),SH.PRG.ANEM,,,,,,,,,,,,,,,,,,,,,,,,,,,,,,,,,,,,,,,,,65.3,64.9,64.4,64,63.5,62.9,62.4,61.8,61.3,60.9,60.4,60.1,59.8,59.7,59.6,59.6,59.8,60.2,60.5,60.8,61.1,61.4,61.8,62.1,,
Malta,MLT,Prevalence of anemia among pregnant women (%),SH.PRG.ANEM,,,,,,,,,,,,,,,,,,,,,,,,,,,,,,,,,,,,,,,,,21.7,21.1,20.6,20.2,19.7,19.4,19.1,18.8,18.5,18.2,18,17.7,17.5,17.4,17.2,17.1,16.9,16.8,16.7,16.6,16.5,16.6,16.6,16.7,,
Myanmar,MMR,Prevalence of anemia among pregnant women (%),SH.PRG.ANEM,,,,,,,,,,,,,,,,,,,,,,,,,,,,,,,,,,,,,,,,,55.5,54.8,54.1,53.4,52.5,51.6,50.6,49.6,48.6,47.7,46.8,46,45.2,44.5,43.8,43.1,42.4,42.4,42.4,42.5,42.6,42.7,43.1,43.4,,
"Middle East, North Africa, Afghanistan & Pakistan (excluding high income)",MNA,Prevalence of anemia among pregnant women (%),SH.PRG.ANEM,,,,,,,,,,,,,,,,,,,,,,,,,,,,,,,,,,,,,,,,,39.50175471,39.30127061,39.14189595,38.98730708,38.7492308,38.53880515,38.34948243,38.14363444,37.9526446,37.74670021,37.50190342,37.22709303,36.9529585,36.69891384,36.43783482,36.29741033,36.14871054,36.1625986,36.12339101,36.1365937,36.05197976,35.98466601,36.09425172,36.27187313,,
Montenegro,MNE,Prevalence of anemia among pregnant women (%),SH.PRG.ANEM,,,,,,,,,,,,,,,,,,,,,,,,,,,,,,,,,,,,,,,,,30.7,30.3,29.9,29.5,29.2,28.9,28.5,28.3,28,27.8,27.6,27.6,27.6,27.6,27.7,27.9,28,28.2,28.4,28.6,28.8,29.1,29.3,29.5,,
Mongolia,MNG,Prevalence of anemia among pregnant women (%),SH.PRG.ANEM,,,,,,,,,,,,,,,,,,,,,,,,,,,,,,,,,,,,,,,,,30,29.9,29.9,29.9,29.9,29.8,29.5,29.3,29,28.7,28.4,28.3,28.1,28.1,28.1,28.1,28,28,27.9,27.9,27.8,27.8,27.8,27.9,,
Northern Mariana Islands,MNP,Prevalence of anemia among pregnant women (%),SH.PRG.ANEM,,,,,,,,,,,,,,,,,,,,,,,,,,,,,,,,,,,,,,,,,,,,,,,,,,,,,,,,,,,,,,,,,,
Mozambique,MOZ,Prevalence of anemia among pregnant women (%),SH.PRG.ANEM,,,,,,,,,,,,,,,,,,,,,,,,,,,,,,,,,,,,,,,,,52.4,52.3,52.2,52.1,51.9,51.7,51.5,51.2,51,50.8,50.6,50.7,50.8,51.1,51.3,51.6,52,52.3,52.6,52.8,53.1,53.5,54,54.6,,
Mauritania,MRT,Prevalence of anemia among pregnant women (%),SH.PRG.ANEM,,,,,,,,,,,,,,,,,,,,,,,,,,,,,,,,,,,,,,,,,57.3,56.9,56.6,56.3,56,55.7,55.4,55,54.7,54.4,54.2,53.9,53.6,53.4,53.2,53.1,53.1,53.1,53.1,53.2,53.3,53.3,53.6,53.9,,
Mauritius,MUS,Prevalence of anemia among pregnant women (%),SH.PRG.ANEM,,,,,,,,,,,,,,,,,,,,,,,,,,,,,,,,,,,,,,,,,34.4,34.1,33.7,33.2,32.8,32.4,31.9,31.5,31.1,30.7,30.5,30.4,30.3,30.4,30.5,30.7,30.8,31,31.2,31.3,31.5,31.7,32.1,32.4,,
Malawi,MWI,Prevalence of anemia among pregnant women (%),SH.PRG.ANEM,,,,,,,,,,,,,,,,,,,,,,,,,,,,,,,,,,,,,,,,,41.9,41.5,41.1,40.7,40.2,39.7,39.1,38.4,37.8,37.3,36.8,36.6,36.6,36.7,36.8,36.9,37.1,37.2,37.2,37.3,37.4,37.6,38,38.6,,
Malaysia,MYS,Prevalence of anemia among pregnant women (%),SH.PRG.ANEM,,,,,,,,,,,,,,,,,,,,,,,,,,,,,,,,,,,,,,,,,35.6,35.3,34.9,34.5,34.2,33.9,33.6,33.3,33,32.7,32.4,32.1,31.9,31.7,31.5,31.3,31,30.8,30.5,30.2,29.8,29.5,29.1,28.8,,
North America,NAC,Prevalence of anemia among pregnant women (%),SH.PRG.ANEM,,,,,,,,,,,,,,,,,,,,,,,,,,,,,,,,,,,,,,,,,12.07695371,11.76485242,11.43565137,11.22028777,11.08883575,11.06119201,11.03967885,11.02694009,11.11283706,11.11047877,11.1856657,11.17355171,11.1692994,11.16133581,11.15056702,11.04914543,10.95112282,10.76231259,10.655511,10.55811941,10.46137505,10.46554631,10.44062658,10.63546444,,
Namibia,NAM,Prevalence of anemia among pregnant women (%),SH.PRG.ANEM,,,,,,,,,,,,,,,,,,,,,,,,,,,,,,,,,,,,,,,,,31.1,30.5,29.9,29.5,29.1,28.6,28.1,27.7,27.3,26.9,26.7,26.5,26.4,26.3,26.3,26.4,26.5,26.6,26.8,27,27.2,27.6,27.9,28.3,,
New Caledonia,NCL,Prevalence of anemia among pregnant women (%),SH.PRG.ANEM,,,,,,,,,,,,,,,,,,,,,,,,,,,,,,,,,,,,,,,,,,,,,,,,,,,,,,,,,,,,,,,,,,
Niger,NER,Prevalence of anemia among pregnant women (%),SH.PRG.ANEM,,,,,,,,,,,,,,,,,,,,,,,,,,,,,,,,,,,,,,,,,57.9,57.5,57.1,56.6,56.2,55.7,55.3,55,54.7,54.4,54.2,54.2,54.3,54.3,54.4,54.5,54.7,54.9,55.1,55.2,55.3,55.4,55.7,55.9,,
Nigeria,NGA,Prevalence of anemia among pregnant women (%),SH.PRG.ANEM,,,,,,,,,,,,,,,,,,,,,,,,,,,,,,,,,,,,,,,,,55.2,54.9,54.6,54.2,53.8,53.3,52.8,52.3,51.7,51.2,50.6,50.1,49.6,49.1,48.7,48.3,47.9,47.4,47,46.5,46,45.5,45.2,45,,
Nicaragua,NIC,Prevalence of anemia among pregnant women (%),SH.PRG.ANEM,,,,,,,,,,,,,,,,,,,,,,,,,,,,,,,,,,,,,,,,,,,,,,,,,,,,,,,,,,,,,,,,,,
Netherlands,NLD,Prevalence of anemia among pregnant women (%),SH.PRG.ANEM,,,,,,,,,,,,,,,,,,,,,,,,,,,,,,,,,,,,,,,,,20.5,20.1,19.8,19.5,19.2,19,18.7,18.4,18.2,17.9,17.7,17.5,17.4,17.3,17.2,17.1,17.1,17,16.9,16.7,16.6,16.6,16.5,16.5,,
Norway,NOR,Prevalence of anemia among pregnant women (%),SH.PRG.ANEM,,,,,,,,,,,,,,,,,,,,,,,,,,,,,,,,,,,,,,,,,21.2,20.6,20.1,19.7,19.3,19,18.7,18.5,18.2,18,17.7,17.6,17.5,17.4,17.3,17.1,17,16.9,16.7,16.5,16.4,16.3,16.3,16.3,,
Nepal,NPL,Prevalence of anemia among pregnant women (%),SH.PRG.ANEM,,,,,,,,,,,,,,,,,,,,,,,,,,,,,,,,,,,,,,,,,43.3,42.9,42.6,42.3,41.9,41.6,41.3,40.9,40.5,40.1,39.7,39.4,39.1,38.7,38.4,38.1,37.7,37.4,37,36.5,36.1,35.7,35.4,35.2,,
Nauru,NRU,Prevalence of anemia among pregnant women (%),SH.PRG.ANEM,,,,,,,,,,,,,,,,,,,,,,,,,,,,,,,,,,,,,,,,,29.2,28.9,28.6,28.4,28.1,27.8,27.5,27.2,26.8,26.5,26.1,25.8,25.6,25.3,25.1,25,24.8,24.7,24.5,24.4,24.3,24.3,24.3,24.3,,
New Zealand,NZL,Prevalence of anemia among pregnant women (%),SH.PRG.ANEM,,,,,,,,,,,,,,,,,,,,,,,,,,,,,,,,,,,,,,,,,17.8,17.2,16.7,16.3,15.9,15.6,15.3,15.1,14.8,14.5,14.3,14.1,14,13.9,13.7,13.7,13.6,13.5,13.3,13.2,13.2,13.2,13.2,13.3,,
OECD members,OED,Prevalence of anemia among pregnant women (%),SH.PRG.ANEM,,,,,,,,,,,,,,,,,,,,,,,,,,,,,,,,,,,,,,,,,22.95775154,22.44453724,21.93562313,21.43801687,21.01409216,20.63929611,20.23171061,19.91546875,19.6664204,19.41900127,19.22842078,19.02865154,18.9140764,18.83029328,18.76490424,18.67323217,18.60369508,18.54289482,18.46100423,18.34475191,18.28731445,18.16821233,18.11053509,18.29040335,,
Oman,OMN,Prevalence of anemia among pregnant women (%),SH.PRG.ANEM,,,,,,,,,,,,,,,,,,,,,,,,,,,,,,,,,,,,,,,,,37.1,36.9,36.8,36.8,36.6,36.5,36.4,36.2,36,35.7,35.4,35.2,35.1,35.1,35.1,35.1,35.1,35.2,35.2,35.2,35.2,35.2,35.4,35.6,,
Other small states,OSS,Prevalence of anemia among pregnant women (%),SH.PRG.ANEM,,,,,,,,,,,,,,,,,,,,,,,,,,,,,,,,,,,,,,,,,36.63235907,36.17432923,35.69181961,35.14470615,34.57212336,34.06846647,33.54990378,33.09223543,32.58707325,32.15567644,31.8926269,31.72620266,31.46371878,31.35049985,31.19260056,31.07167369,30.93579869,30.90151077,30.74890291,30.62821079,30.57721605,30.54273228,30.76455886,30.95971828,,
Pakistan,PAK,Prevalence of anemia among pregnant women (%),SH.PRG.ANEM,,,,,,,,,,,,,,,,,,,,,,,,,,,,,,,,,,,,,,,,,45.9,46,46.2,46.3,46.4,46.4,46.4,46.4,46.3,46.2,46,45.8,45.6,45.3,44.8,44.4,43.8,43.3,42.5,41.8,41,40.2,39.6,39.1,,
Panama,PAN,Prevalence of anemia among pregnant women (%),SH.PRG.ANEM,,,,,,,,,,,,,,,,,,,,,,,,,,,,,,,,,,,,,,,,,33.4,32.8,32.2,31.6,31,30.4,29.7,29.1,28.4,27.8,27.4,27,26.8,26.6,26.6,26.5,26.4,26.4,26.5,26.6,26.7,26.9,27.2,27.5,,
Peru,PER,Prevalence of anemia among pregnant women (%),SH.PRG.ANEM,,,,,,,,,,,,,,,,,,,,,,,,,,,,,,,,,,,,,,,,,34.5,34,33.4,32.7,31.8,30.9,30.1,29.2,28.4,27.8,27.3,26.9,26.7,26.6,26.7,26.8,27,27.2,27.4,27.6,27.9,28.1,28.5,28.8,,
Philippines,PHL,Prevalence of anemia among pregnant women (%),SH.PRG.ANEM,,,,,,,,,,,,,,,,,,,,,,,,,,,,,,,,,,,,,,,,,42.3,41.5,40.8,40,39.2,38.4,37.6,36.7,35.9,35.1,34.2,33.5,32.8,32.1,31.4,30.7,30,29.2,28.4,27.5,26.6,25.7,24.9,24,,
Palau,PLW,Prevalence of anemia among pregnant women (%),SH.PRG.ANEM,,,,,,,,,,,,,,,,,,,,,,,,,,,,,,,,,,,,,,,,,30.1,29.8,29.5,29.3,29,28.7,28.4,28.1,27.7,27.4,27.1,26.9,26.7,26.5,26.4,26.3,26.2,26.1,25.9,25.8,25.8,25.8,25.8,25.9,,
Papua New Guinea,PNG,Prevalence of anemia among pregnant women (%),SH.PRG.ANEM,,,,,,,,,,,,,,,,,,,,,,,,,,,,,,,,,,,,,,,,,36,35.6,35.2,34.8,34.5,34.1,33.7,33.3,32.8,32.4,32,31.7,31.4,31.2,31.1,30.9,30.8,30.8,30.7,30.7,30.7,30.7,30.8,30.9,,
Poland,POL,Prevalence of anemia among pregnant women (%),SH.PRG.ANEM,,,,,,,,,,,,,,,,,,,,,,,,,,,,,,,,,,,,,,,,,28.1,27.6,27.2,26.8,26.4,26.1,25.8,25.5,25.2,24.9,24.7,24.5,24.4,24.3,24.3,24.2,24.3,24.3,24.3,24.3,24.4,24.4,24.5,24.6,,
Pre-demographic dividend,PRE,Prevalence of anemia among pregnant women (%),SH.PRG.ANEM,,,,,,,,,,,,,,,,,,,,,,,,,,,,,,,,,,,,,,,,,50.91735743,50.59366041,50.25065572,49.84683518,49.43289702,48.96384421,48.46800025,47.97282019,47.47249348,46.98465444,46.49881719,46.12941123,45.84477495,45.61364909,45.44143907,45.32201357,45.24326603,45.12265483,45.00673321,44.86084139,44.75949613,44.70785354,44.85889537,45.06469011,,
Puerto Rico (US),PRI,Prevalence of anemia among pregnant women (%),SH.PRG.ANEM,,,,,,,,,,,,,,,,,,,,,,,,,,,,,,,,,,,,,,,,,,,,,,,,,,,,,,,,,,,,,,,,,,
"Korea, Dem. People's Rep.",PRK,Prevalence of anemia among pregnant women (%),SH.PRG.ANEM,,,,,,,,,,,,,,,,,,,,,,,,,,,,,,,,,,,,,,,,,39.7,39.1,38.5,38,37.5,37,36.5,36.1,35.6,35,34.5,34.1,33.7,33.3,32.9,32.6,32.2,31.9,31.5,31.1,30.6,30.3,29.9,29.7,,
Portugal,PRT,Prevalence of anemia among pregnant women (%),SH.PRG.ANEM,,,,,,,,,,,,,,,,,,,,,,,,,,,,,,,,,,,,,,,,,21.4,20.8,20.3,19.9,19.5,19.2,18.9,18.6,18.3,18.1,17.9,17.7,17.5,17.4,17.2,17.1,16.9,16.8,16.6,16.4,16.3,16.2,16.2,16.3,,
Paraguay,PRY,Prevalence of anemia among pregnant women (%),SH.PRG.ANEM,,,,,,,,,,,,,,,,,,,,,,,,,,,,,,,,,,,,,,,,,31.1,30.8,30.4,30.1,29.7,29.3,28.9,28.4,27.8,27.3,26.8,26.6,26.5,26.5,26.5,26.6,26.7,26.8,26.9,26.9,27,27.2,27.5,27.8,,
West Bank and Gaza,PSE,Prevalence of anemia among pregnant women (%),SH.PRG.ANEM,,,,,,,,,,,,,,,,,,,,,,,,,,,,,,,,,,,,,,,,,33.8,33.6,33.3,33.1,32.9,32.6,32.4,32.1,31.8,31.6,31.3,31.1,31,30.9,30.9,30.9,30.9,31,31,31.1,31.2,31.3,31.6,31.9,,
Pacific island small states,PSS,Prevalence of anemia among pregnant women (%),SH.PRG.ANEM,,,,,,,,,,,,,,,,,,,,,,,,,,,,,,,,,,,,,,,,,36.35890304,36.05344579,35.72751575,35.44355394,35.07823114,34.75250913,34.38937781,33.96087727,33.53358656,33.07733188,32.6609949,32.38431068,32.17774434,31.99253083,31.8147588,31.63752627,31.53817098,31.42286557,31.26023795,31.11830342,30.97996385,30.92843933,31.03462188,31.1404338,,
Post-demographic dividend,PST,Prevalence of anemia among pregnant women (%),SH.PRG.ANEM,,,,,,,,,,,,,,,,,,,,,,,,,,,,,,,,,,,,,,,,,19.22167362,18.75227894,18.34653584,17.98934724,17.690993,17.41420236,17.20955673,17.04639949,16.97080969,16.82242857,16.72950472,16.57678466,16.45114694,16.30991833,16.13728954,15.97063336,15.77404054,15.54640137,15.32830426,15.10464487,14.98127579,14.82482421,14.63784881,14.67582757,,
French Polynesia,PYF,Prevalence of anemia among pregnant women (%),SH.PRG.ANEM,,,,,,,,,,,,,,,,,,,,,,,,,,,,,,,,,,,,,,,,,,,,,,,,,,,,,,,,,,,,,,,,,,
Qatar,QAT,Prevalence of anemia among pregnant women (%),SH.PRG.ANEM,,,,,,,,,,,,,,,,,,,,,,,,,,,,,,,,,,,,,,,,,28.8,28.6,28.4,28.2,28.1,27.9,27.8,27.5,27.3,27,26.8,26.6,26.4,26.2,26.1,26,25.8,25.7,25.6,25.4,25.3,25.1,25,24.9,,
Romania,ROU,Prevalence of anemia among pregnant women (%),SH.PRG.ANEM,,,,,,,,,,,,,,,,,,,,,,,,,,,,,,,,,,,,,,,,,29.8,29.3,28.8,28.4,28,27.5,27.1,26.8,26.5,26.2,25.9,25.7,25.5,25.4,25.3,25.3,25.2,25.1,25.1,25.1,25.1,25.1,25.2,25.2,,
Russian Federation,RUS,Prevalence of anemia among pregnant women (%),SH.PRG.ANEM,,,,,,,,,,,,,,,,,,,,,,,,,,,,,,,,,,,,,,,,,28.8,28.4,28,27.6,27.1,26.7,26.3,25.9,25.5,25.2,24.9,24.7,24.6,24.5,24.5,24.5,24.5,24.5,24.6,24.6,24.6,24.6,24.7,24.8,,
Rwanda,RWA,Prevalence of anemia among pregnant women (%),SH.PRG.ANEM,,,,,,,,,,,,,,,,,,,,,,,,,,,,,,,,,,,,,,,,,29.8,28.9,28,27.2,26.4,25.5,24.8,24,23.4,22.9,22.5,22.3,22.3,22.4,22.5,22.6,22.7,22.8,22.8,22.9,23,23.2,23.5,23.9,,
South Asia,SAS,Prevalence of anemia among pregnant women (%),SH.PRG.ANEM,,,,,,,,,,,,,,,,,,,,,,,,,,,,,,,,,,,,,,,,,50.76928054,50.80354876,50.76632777,50.80319132,50.74768123,50.60607823,50.46101455,50.13577341,49.82939994,49.52024135,49.12561873,48.81162466,48.39857658,47.97169193,47.61884144,47.2189036,46.8212146,46.4722058,46.16043149,45.81462517,45.45554106,45.12122151,45.0789252,45.06805044,,
Saudi Arabia,SAU,Prevalence of anemia among pregnant women (%),SH.PRG.ANEM,,,,,,,,,,,,,,,,,,,,,,,,,,,,,,,,,,,,,,,,,26.2,25.8,25.5,25.2,25,24.7,24.3,23.9,23.5,23.1,22.6,22.2,21.9,21.6,21.3,21.2,21,20.9,20.8,20.7,20.6,20.6,20.6,20.8,,
Sudan,SDN,Prevalence of anemia among pregnant women (%),SH.PRG.ANEM,,,,,,,,,,,,,,,,,,,,,,,,,,,,,,,,,,,,,,,,,39.4,39,38.7,38.5,38.2,38,37.7,37.4,37,36.6,36.3,36,35.9,35.8,35.7,35.8,35.9,36,36.2,36.4,36.7,37,37.5,38,,
Senegal,SEN,Prevalence of anemia among pregnant women (%),SH.PRG.ANEM,,,,,,,,,,,,,,,,,,,,,,,,,,,,,,,,,,,,,,,,,62.7,62.7,62.6,62.5,62.3,62,61.7,61.2,60.6,60,59.3,58.6,57.8,57.1,56.3,55.6,54.9,54.2,53.5,52.8,52.2,51.6,51.2,50.9,,
Singapore,SGP,Prevalence of anemia among pregnant women (%),SH.PRG.ANEM,,,,,,,,,,,,,,,,,,,,,,,,,,,,,,,,,,,,,,,,,21.8,21.3,20.9,20.5,20.1,19.8,19.5,19.2,19,18.7,18.4,18.2,18,17.9,17.8,17.6,17.5,17.3,17.2,17,16.9,16.8,16.8,16.9,,
Solomon Islands,SLB,Prevalence of anemia among pregnant women (%),SH.PRG.ANEM,,,,,,,,,,,,,,,,,,,,,,,,,,,,,,,,,,,,,,,,,40.7,40.4,40.1,39.8,39.4,39,38.6,38.1,37.6,37.1,36.6,36.2,35.9,35.6,35.4,35.3,35.2,35,34.9,34.8,34.7,34.6,34.7,34.8,,
Sierra Leone,SLE,Prevalence of anemia among pregnant women (%),SH.PRG.ANEM,,,,,,,,,,,,,,,,,,,,,,,,,,,,,,,,,,,,,,,,,56.3,55.9,55.4,54.9,54.5,53.9,53.4,52.9,52.5,52.1,51.8,51.6,51.4,51.4,51.4,51.5,51.7,51.9,52.1,52.3,52.5,52.8,53.2,53.7,,
El Salvador,SLV,Prevalence of anemia among pregnant women (%),SH.PRG.ANEM,,,,,,,,,,,,,,,,,,,,,,,,,,,,,,,,,,,,,,,,,24.6,24.3,24.1,23.8,23.5,23.3,23,22.7,22.5,22.2,22,21.9,21.9,21.9,21.9,22,22.1,22.1,22.2,22.3,22.4,22.6,22.8,23,,
San Marino,SMR,Prevalence of anemia among pregnant women (%),SH.PRG.ANEM,,,,,,,,,,,,,,,,,,,,,,,,,,,,,,,,,,,,,,,,,20.6,20.1,19.7,19.3,19,18.7,18.4,18.2,18,17.8,17.6,17.4,17.3,17.1,17,16.9,16.7,16.6,16.4,16.3,16.2,16.1,16.1,16.2,,
"Somalia, Fed. Rep.",SOM,Prevalence of anemia among pregnant women (%),SH.PRG.ANEM,,,,,,,,,,,,,,,,,,,,,,,,,,,,,,,,,,,,,,,,,50.8,50.7,50.5,50.3,50.2,50,49.8,49.7,49.5,49.4,49.4,49.5,49.7,50,50.4,50.8,51.3,51.6,51.9,52.1,52.2,52.4,52.6,52.8,,
Serbia,SRB,Prevalence of anemia among pregnant women (%),SH.PRG.ANEM,,,,,,,,,,,,,,,,,,,,,,,,,,,,,,,,,,,,,,,,,29,28.5,28.1,27.7,27.3,26.9,26.6,26.2,25.9,25.6,25.3,25.1,25,25,25,25,25,25,25,25,25,25,25.1,25.1,,
Sub-Saharan Africa (excluding high income),SSA,Prevalence of anemia among pregnant women (%),SH.PRG.ANEM,,,,,,,,,,,,,,,,,,,,,,,,,,,,,,,,,,,,,,,,,50.61003254,50.28068603,49.95856027,49.56708503,49.1481699,48.66425173,48.18303638,47.67748095,47.13733989,46.72070843,46.29520146,45.95637927,45.69504817,45.48878218,45.32641115,45.21848929,45.1469633,45.01725647,44.90909886,44.77358438,44.68279294,44.63980245,44.79117836,44.99652297,,
South Sudan,SSD,Prevalence of anemia among pregnant women (%),SH.PRG.ANEM,,,,,,,,,,,,,,,,,,,,,,,,,,,,,,,,,,,,,,,,,43.3,42.8,42.4,42,41.5,41,40.6,40.1,39.6,39.2,38.9,38.7,38.8,39,39.2,39.5,39.8,40.1,40.5,40.7,41.1,41.4,41.8,42.2,,
Sub-Saharan Africa,SSF,Prevalence of anemia among pregnant women (%),SH.PRG.ANEM,,,,,,,,,,,,,,,,,,,,,,,,,,,,,,,,,,,,,,,,,48.70450275,48.32298726,47.95128548,47.5421546,47.09885702,46.60015025,46.12032789,45.6269373,45.11782856,44.73223476,44.33076367,44.02049652,43.80682143,43.64282791,43.48504338,43.37146182,43.27556464,43.13539023,42.99972821,42.83927262,42.75030953,42.73565069,42.90593692,43.14840042,,
Small states,SST,Prevalence of anemia among pregnant women (%),SH.PRG.ANEM,,,,,,,,,,,,,,,,,,,,,,,,,,,,,,,,,,,,,,,,,35.76931946,35.29081977,34.82463172,34.32381272,33.7785842,33.28119753,32.76697614,32.28885183,31.79661801,31.34757151,31.04436761,30.85171056,30.61842954,30.50787018,30.39078699,30.30318612,30.22477997,30.2088777,30.09717208,30.0148107,29.97867453,29.97064959,30.15001506,30.32184798,,
Sao Tome and Principe,STP,Prevalence of anemia among pregnant women (%),SH.PRG.ANEM,,,,,,,,,,,,,,,,,,,,,,,,,,,,,,,,,,,,,,,,,51,50.4,49.8,49.2,48.5,47.8,47.1,46.4,45.7,45.1,44.6,44.1,43.7,43.4,43.3,43.1,42.9,42.7,42.6,42.5,42.4,42.4,42.6,42.9,,
Suriname,SUR,Prevalence of anemia among pregnant women (%),SH.PRG.ANEM,,,,,,,,,,,,,,,,,,,,,,,,,,,,,,,,,,,,,,,,,33.1,32.4,31.8,31.2,30.4,29.7,29,28.2,27.5,26.8,26.3,26,25.8,25.8,25.9,26,26.1,26.1,26.2,26.3,26.4,26.4,26.6,26.9,,
Slovak Republic,SVK,Prevalence of anemia among pregnant women (%),SH.PRG.ANEM,,,,,,,,,,,,,,,,,,,,,,,,,,,,,,,,,,,,,,,,,28.7,28.4,28,27.6,27.3,26.9,26.5,26.2,25.9,25.7,25.5,25.3,25.3,25.2,25.2,25.2,25.2,25.2,25.2,25.1,25.2,25.2,25.2,25.3,,
Slovenia,SVN,Prevalence of anemia among pregnant women (%),SH.PRG.ANEM,,,,,,,,,,,,,,,,,,,,,,,,,,,,,,,,,,,,,,,,,28.1,27.7,27.3,27,26.6,26.3,26,25.7,25.5,25.2,25,24.9,24.8,24.8,24.8,24.8,24.8,24.9,24.9,25,25,25.1,25.2,25.3,,
Sweden,SWE,Prevalence of anemia among pregnant women (%),SH.PRG.ANEM,,,,,,,,,,,,,,,,,,,,,,,,,,,,,,,,,,,,,,,,,21.5,20.9,20.5,20,19.7,19.3,19.1,18.8,18.5,18.3,18,17.8,17.7,17.5,17.4,17.3,17.2,17.1,16.9,16.8,16.7,16.7,16.7,16.8,,
Eswatini,SWZ,Prevalence of anemia among pregnant women (%),SH.PRG.ANEM,,,,,,,,,,,,,,,,,,,,,,,,,,,,,,,,,,,,,,,,,33,32.4,31.9,31.5,31.1,30.7,30.4,30.1,29.9,29.6,29.4,29.1,28.9,28.7,28.6,28.6,28.6,28.7,28.8,29,29.2,29.4,29.7,30.1,,
Sint Maarten (Dutch part),SXM,Prevalence of anemia among pregnant women (%),SH.PRG.ANEM,,,,,,,,,,,,,,,,,,,,,,,,,,,,,,,,,,,,,,,,,,,,,,,,,,,,,,,,,,,,,,,,,,
Seychelles,SYC,Prevalence of anemia among pregnant women (%),SH.PRG.ANEM,,,,,,,,,,,,,,,,,,,,,,,,,,,,,,,,,,,,,,,,,32.5,32,31.5,31,30.6,30.1,29.6,29.1,28.7,28.3,28.1,27.8,27.6,27.4,27.3,27.2,27.1,27,26.9,26.8,26.8,26.9,27,27.2,,
Syrian Arab Republic,SYR,Prevalence of anemia among pregnant women (%),SH.PRG.ANEM,,,,,,,,,,,,,,,,,,,,,,,,,,,,,,,,,,,,,,,,,35.4,35.1,34.8,34.6,34.3,34,33.7,33.5,33.2,32.9,32.7,32.6,32.5,32.6,32.7,32.9,33.1,33.4,33.6,33.8,34.1,34.4,34.8,35.2,,
Turks and Caicos Islands,TCA,Prevalence of anemia among pregnant women (%),SH.PRG.ANEM,,,,,,,,,,,,,,,,,,,,,,,,,,,,,,,,,,,,,,,,,,,,,,,,,,,,,,,,,,,,,,,,,,
Chad,TCD,Prevalence of anemia among pregnant women (%),SH.PRG.ANEM,,,,,,,,,,,,,,,,,,,,,,,,,,,,,,,,,,,,,,,,,61.2,61,60.7,60.4,60.1,59.6,59.2,58.7,58.3,57.9,57.5,56.6,55.7,54.9,54.1,53.3,52.6,51.8,51.6,51.4,51.3,51.1,51.1,51.2,,
East Asia & Pacific (IDA & IBRD countries),TEA,Prevalence of anemia among pregnant women (%),SH.PRG.ANEM,,,,,,,,,,,,,,,,,,,,,,,,,,,,,,,,,,,,,,,,,33.43433526,32.72124142,31.97200039,31.13353551,30.22234798,29.41394885,28.53635499,27.68291146,26.77650273,25.92915839,25.16646578,24.66032374,23.91452861,23.57367479,23.04551965,22.93295278,22.29368143,21.8977622,21.98451974,21.60603452,21.87110553,21.88470539,21.86274439,21.83270557,,
Europe & Central Asia (IDA & IBRD countries),TEC,Prevalence of anemia among pregnant women (%),SH.PRG.ANEM,,,,,,,,,,,,,,,,,,,,,,,,,,,,,,,,,,,,,,,,,32.88359022,32.47356139,32.0610668,31.63573912,31.29954601,31.00031635,30.63553719,30.23951897,29.80396719,29.43249698,29.1102492,28.91167566,28.72798799,28.67925043,28.7071666,28.72569097,28.76388533,28.9371197,29.14422956,29.33696582,29.48513103,29.68846392,30.04581451,30.34515342,,
Togo,TGO,Prevalence of anemia among pregnant women (%),SH.PRG.ANEM,,,,,,,,,,,,,,,,,,,,,,,,,,,,,,,,,,,,,,,,,55.8,55.8,55.8,55.7,55.6,55.5,55.3,55.2,54.9,54.7,54.5,54.3,54.1,53.9,53.7,53.5,53.3,53.2,53,52.8,52.7,52.5,52.5,52.6,,
Thailand,THA,Prevalence of anemia among pregnant women (%),SH.PRG.ANEM,,,,,,,,,,,,,,,,,,,,,,,,,,,,,,,,,,,,,,,,,30.3,30.2,30.2,30.1,30,29.9,29.8,29.7,29.5,29.3,29.1,28.9,28.7,28.4,28.1,27.8,27.4,27,26.5,25.9,25.3,24.8,24.2,23.8,,
Tajikistan,TJK,Prevalence of anemia among pregnant women (%),SH.PRG.ANEM,,,,,,,,,,,,,,,,,,,,,,,,,,,,,,,,,,,,,,,,,39.9,39.9,39.8,39.7,39.5,39.4,39.2,39.1,38.9,38.6,38.3,38.2,38.1,38.1,38,37.9,38,38.2,38.1,38.2,38.4,38.7,39.1,39.6,,
Turkmenistan,TKM,Prevalence of anemia among pregnant women (%),SH.PRG.ANEM,,,,,,,,,,,,,,,,,,,,,,,,,,,,,,,,,,,,,,,,,40.1,39.5,38.9,38.4,37.7,37.1,36.5,36,35.4,34.9,34.4,34.2,34.1,34.1,34.1,34.2,34.4,34.5,34.7,34.8,35,35.2,35.5,35.9,,
Latin America & the Caribbean (IDA & IBRD countries),TLA,Prevalence of anemia among pregnant women (%),SH.PRG.ANEM,,,,,,,,,,,,,,,,,,,,,,,,,,,,,,,,,,,,,,,,,31.16828562,30.51618305,29.90792195,29.27756033,28.57295941,27.86562897,27.13970919,26.44954261,25.7891562,25.17010069,24.7059103,24.36099938,24.16513934,24.10159145,24.14804908,24.25215747,24.40707588,24.55034785,24.69770243,24.843718,25.03086672,25.22290897,25.46122096,25.73880643,,
Timor-Leste,TLS,Prevalence of anemia among pregnant women (%),SH.PRG.ANEM,,,,,,,,,,,,,,,,,,,,,,,,,,,,,,,,,,,,,,,,,39.8,39.1,38.5,37.9,37.2,36.6,36.1,35.5,34.9,34.2,33.5,33.1,32.8,32.5,32.2,31.9,31.7,31.5,31.3,31.1,30.9,30.7,30.7,30.7,,
"Middle East, North Africa, Afghanistan & Pakistan (IDA & IBRD)",TMN,Prevalence of anemia among pregnant women (%),SH.PRG.ANEM,,,,,,,,,,,,,,,,,,,,,,,,,,,,,,,,,,,,,,,,,39.5520602,39.35207782,39.19412513,39.03914681,38.80070024,38.59051372,38.40001176,38.19361581,38.00312538,37.79730086,37.55377537,37.27802243,37.00164612,36.74620898,36.48360638,36.34315537,36.19391479,36.20691627,36.16780969,36.1803704,36.0938339,36.02502963,36.13274467,36.30912564,,
Tonga,TON,Prevalence of anemia among pregnant women (%),SH.PRG.ANEM,,,,,,,,,,,,,,,,,,,,,,,,,,,,,,,,,,,,,,,,,27.4,27,26.7,26.4,26,25.7,25.4,25.1,24.7,24.4,24.1,23.9,23.7,23.5,23.4,23.3,23.1,23,22.8,22.7,22.7,22.6,22.6,22.6,,
South Asia (IDA & IBRD),TSA,Prevalence of anemia among pregnant women (%),SH.PRG.ANEM,,,,,,,,,,,,,,,,,,,,,,,,,,,,,,,,,,,,,,,,,50.76928054,50.80354876,50.76632777,50.80319132,50.74768123,50.60607823,50.46101455,50.13577341,49.82939994,49.52024135,49.12561873,48.81162466,48.39857658,47.97169193,47.61884144,47.2189036,46.8212146,46.4722058,46.16043149,45.81462517,45.45554106,45.12122151,45.0789252,45.06805044,,
Sub-Saharan Africa (IDA & IBRD countries),TSS,Prevalence of anemia among pregnant women (%),SH.PRG.ANEM,,,,,,,,,,,,,,,,,,,,,,,,,,,,,,,,,,,,,,,,,48.70450275,48.32298726,47.95128548,47.5421546,47.09885702,46.60015025,46.12032789,45.6269373,45.11782856,44.73223476,44.33076367,44.02049652,43.80682143,43.64282791,43.48504338,43.37146182,43.27556464,43.13539023,42.99972821,42.83927262,42.75030953,42.73565069,42.90593692,43.14840042,,
Trinidad and Tobago,TTO,Prevalence of anemia among pregnant women (%),SH.PRG.ANEM,,,,,,,,,,,,,,,,,,,,,,,,,,,,,,,,,,,,,,,,,30.9,30.1,29.4,28.7,28,27.4,26.7,26.1,25.6,25.1,24.7,24.5,24.4,24.4,24.5,24.6,24.7,25,25.2,25.4,25.6,25.8,26,26.3,,
Tunisia,TUN,Prevalence of anemia among pregnant women (%),SH.PRG.ANEM,,,,,,,,,,,,,,,,,,,,,,,,,,,,,,,,,,,,,,,,,33.7,33.5,33.4,33.3,33.2,33.1,33,32.8,32.6,32.3,32.1,31.9,31.8,31.7,31.6,31.6,31.7,31.8,31.9,32.1,32.2,32.4,32.8,33.1,,
Turkiye,TUR,Prevalence of anemia among pregnant women (%),SH.PRG.ANEM,,,,,,,,,,,,,,,,,,,,,,,,,,,,,,,,,,,,,,,,,35.3,35,34.8,34.6,34.4,34.2,33.9,33.6,33.3,32.9,32.5,32.2,31.9,31.6,31.5,31.3,31.3,31.3,31.3,31.3,31.4,31.5,31.7,31.9,,
Tuvalu,TUV,Prevalence of anemia among pregnant women (%),SH.PRG.ANEM,,,,,,,,,,,,,,,,,,,,,,,,,,,,,,,,,,,,,,,,,30.9,30.5,30.1,29.7,29.3,28.9,28.5,28.1,27.7,27.3,26.9,26.6,26.4,26.1,25.9,25.8,25.6,25.5,25.4,25.3,25.3,25.4,25.5,25.7,,
Tanzania,TZA,Prevalence of anemia among pregnant women (%),SH.PRG.ANEM,,,,,,,,,,,,,,,,,,,,,,,,,,,,,,,,,,,,,,,,,53.4,53.3,53.2,53,52.8,52.4,52,51.5,51,50.5,50.1,49.7,49.5,49.3,49.1,48.9,48.7,48.4,48,47.6,47.2,46.8,46.7,46.6,,
Uganda,UGA,Prevalence of anemia among pregnant women (%),SH.PRG.ANEM,,,,,,,,,,,,,,,,,,,,,,,,,,,,,,,,,,,,,,,,,43.1,42.4,41.8,41.1,40.4,39.6,38.7,37.9,37,36.2,35.5,35,34.7,34.6,34.5,34.5,34.6,34.5,34.5,34.4,34.4,34.4,34.7,35,,
Ukraine,UKR,Prevalence of anemia among pregnant women (%),SH.PRG.ANEM,,,,,,,,,,,,,,,,,,,,,,,,,,,,,,,,,,,,,,,,,26.9,26.4,26,25.6,25.2,24.8,24.4,24.1,23.8,23.5,23.3,23.2,23.2,23.2,23.2,23.3,23.3,23.4,23.5,23.6,23.7,23.8,23.9,24.1,,
Upper middle income,UMC,Prevalence of anemia among pregnant women (%),SH.PRG.ANEM,,,,,,,,,,,,,,,,,,,,,,,,,,,,,,,,,,,,,,,,,31.25406242,30.55189655,29.89616412,29.20433901,28.48207189,27.82599875,27.08577626,26.38103106,25.64171052,24.93600332,24.34016785,23.95056075,23.45369867,23.2368054,22.95603365,22.95017512,22.59700228,22.41331847,22.66659056,22.54158664,22.95323336,23.18818062,23.38615501,23.61498835,,
Uruguay,URY,Prevalence of anemia among pregnant women (%),SH.PRG.ANEM,,,,,,,,,,,,,,,,,,,,,,,,,,,,,,,,,,,,,,,,,29,28.8,28.7,28.6,28.5,28.3,28,27.6,27.2,26.7,26.3,26,25.9,25.8,25.7,25.6,25.4,25.3,25.2,25,24.8,24.7,24.6,24.7,,
United States,USA,Prevalence of anemia among pregnant women (%),SH.PRG.ANEM,,,,,,,,,,,,,,,,,,,,,,,,,,,,,,,,,,,,,,,,,11.4,11.1,10.8,10.6,10.5,10.5,10.5,10.5,10.6,10.6,10.7,10.7,10.7,10.7,10.7,10.6,10.5,10.3,10.2,10.1,10,10,10,10.2,,
Uzbekistan,UZB,Prevalence of anemia among pregnant women (%),SH.PRG.ANEM,,,,,,,,,,,,,,,,,,,,,,,,,,,,,,,,,,,,,,,,,42.6,42.1,41.6,41,40.4,39.8,39.2,38.6,37.9,37.2,36.5,35.9,35.5,35.1,34.8,34.6,34.5,34.5,34.5,34.6,34.7,34.9,35.2,35.6,,
St. Vincent and the Grenadines,VCT,Prevalence of anemia among pregnant women (%),SH.PRG.ANEM,,,,,,,,,,,,,,,,,,,,,,,,,,,,,,,,,,,,,,,,,30.9,30.1,29.4,28.7,27.9,27.1,26.5,25.8,25.2,24.7,24.3,24.1,24,23.9,23.9,24,24,24.1,24.2,24.2,24.3,24.4,24.5,24.7,,
"Venezuela, RB",VEN,Prevalence of anemia among pregnant women (%),SH.PRG.ANEM,,,,,,,,,,,,,,,,,,,,,,,,,,,,,,,,,,,,,,,,,32.5,31.9,31.4,30.9,30.4,29.6,28.8,28,27.2,26.6,26.2,25.8,25.8,25.9,26.2,26.6,27,27.4,27.9,28.2,28.5,28.7,28.9,29.1,,
British Virgin Islands,VGB,Prevalence of anemia among pregnant women (%),SH.PRG.ANEM,,,,,,,,,,,,,,,,,,,,,,,,,,,,,,,,,,,,,,,,,,,,,,,,,,,,,,,,,,,,,,,,,,
Virgin Islands (U.S.),VIR,Prevalence of anemia among pregnant women (%),SH.PRG.ANEM,,,,,,,,,,,,,,,,,,,,,,,,,,,,,,,,,,,,,,,,,,,,,,,,,,,,,,,,,,,,,,,,,,
Viet Nam,VNM,Prevalence of anemia among pregnant women (%),SH.PRG.ANEM,,,,,,,,,,,,,,,,,,,,,,,,,,,,,,,,,,,,,,,,,37.7,36.3,34.9,33.5,32.3,31.2,30.1,29.2,28.3,27.5,26.9,26.7,26.6,26.6,26.6,26.7,26.7,26.8,26.4,26.1,25.8,25.6,25.4,25.3,,
Vanuatu,VUT,Prevalence of anemia among pregnant women (%),SH.PRG.ANEM,,,,,,,,,,,,,,,,,,,,,,,,,,,,,,,,,,,,,,,,,36.6,36.2,35.9,35.6,35.3,34.9,34.4,33.9,33.4,32.9,32.4,32.2,32.1,32,31.9,31.8,31.9,32,31.9,31.9,31.9,31.9,32.1,32.3,,
World,WLD,Prevalence of anemia among pregnant women (%),SH.PRG.ANEM,,,,,,,,,,,,,,,,,,,,,,,,,,,,,,,,,,,,,,,,,40.24320998,40.02808946,39.70972102,39.34528423,38.90422547,38.45641984,37.94406242,37.40159454,36.88155745,36.45889995,36.04264057,35.72889726,35.25034602,35.09750594,34.73399446,34.73331744,34.47839285,34.33111712,34.60732355,34.54975542,34.82940396,34.94900325,35.21423105,35.48296421,,
Samoa,WSM,Prevalence of anemia among pregnant women (%),SH.PRG.ANEM,,,,,,,,,,,,,,,,,,,,,,,,,,,,,,,,,,,,,,,,,30.3,29.9,29.5,29.2,28.8,28.5,28.1,27.7,27.3,26.8,26.4,26.1,25.9,25.6,25.5,25.3,25.3,25.3,25.2,25.1,25.1,25,25.1,25.1,,
Kosovo,XKX,Prevalence of anemia among pregnant women (%),SH.PRG.ANEM,,,,,,,,,,,,,,,,,,,,,,,,,,,,,,,,,,,,,,,,,,,,,,,,,,,,,,,,,,,,,,,,,,
"Yemen, Rep.",YEM,Prevalence of anemia among pregnant women (%),SH.PRG.ANEM,,,,,,,,,,,,,,,,,,,,,,,,,,,,,,,,,,,,,,,,,42.7,42.3,42,41.7,41.4,41,40.6,40.2,39.8,39.3,38.9,38.6,38.4,38.4,38.4,38.5,38.7,39,39.3,39.6,39.9,40.2,40.7,41.2,,
South Africa,ZAF,Prevalence of anemia among pregnant women (%),SH.PRG.ANEM,,,,,,,,,,,,,,,,,,,,,,,,,,,,,,,,,,,,,,,,,33.3,32.9,32.6,32.2,31.8,31.3,30.8,30.3,29.9,29.4,29.1,28.8,28.7,28.6,28.6,28.6,28.7,28.7,28.7,28.8,28.8,28.9,29.1,29.3,,
Zambia,ZMB,Prevalence of anemia among pregnant women (%),SH.PRG.ANEM,,,,,,,,,,,,,,,,,,,,,,,,,,,,,,,,,,,,,,,,,45.3,44.5,43.8,43,42.3,41.5,40.7,40,39.3,38.6,38.1,37.6,37.2,37,36.8,36.7,36.6,36.4,36.3,36.3,36.2,36.2,36.5,36.7,,
Zimbabwe,ZWE,Prevalence of anemia among pregnant women (%),SH.PRG.ANEM,,,,,,,,,,,,,,,,,,,,,,,,,,,,,,,,,,,,,,,,,35.2,34.9,34.7,34.4,34.2,34,33.8,33.5,33.3,33,32.7,32.1,31.5,30.9,30.5,30.2,29.9,29.6,29.6,29.7,29.8,29.8,30,30.1,,
